"YEARLY_AGENCY_ID","AGENCY_ID","DATA_YEAR","ORI","LEGACY_ORI","COVERED_BY_LEGACY_ORI","DIRECT_CONTRIBUTOR_FLAG","DORMANT_FLAG","DORMANT_YEAR","REPORTING_TYPE","UCR_AGENCY_NAME","NCIC_AGENCY_NAME","PUB_AGENCY_NAME","PUB_AGENCY_UNIT","AGENCY_STATUS","STATE_ID","STATE_NAME","STATE_ABBR","STATE_POSTAL_ABBR","DIVISION_CODE","DIVISION_NAME","REGION_CODE","REGION_NAME","REGION_DESC","AGENCY_TYPE_NAME","POPULATION","SUBMITTING_AGENCY_ID","SAI","SUBMITTING_AGENCY_NAME","SUBURBAN_AREA_FLAG","POPULATION_GROUP_ID","POPULATION_GROUP_CODE","POPULATION_GROUP_DESC","PARENT_POP_GROUP_CODE","PARENT_POP_GROUP_DESC","MIP_FLAG","POP_SORT_ORDER","SUMMARY_RAPE_DEF","PE_REPORTED_FLAG","MALE_OFFICER","MALE_CIVILIAN","PED.MALE_OFFICER+PED.MALE_CIVILIAN","FEMALE_OFFICER","FEMALE_CIVILIAN","PED.FEMALE_CIVILIAN+PED.FEMALE_OFFICER","0","0","NIBRS_CERT_DATE","NIBRS_START_DATE","NIBRS_LEOKA_START_DATE","NIBRS_CT_START_DATE","NIBRS_MULTI_BIAS_START_DATE","NIBRS_OFF_ETH_START_DATE","COVERED_FLAG","COUNTY_NAME","MSA_NAME","PUBLISHABLE_FLAG","PARTICIPATED","NIBRS_PARTICIPATED"
153562020,15356,2020,"OR0010000","OR0010000","","N","N",,"I","BAKER","BAKER","Baker","","A",41,"Oregon","OR","OR","9","Pacific","4","West","Region IV","County",6238,23387,"ORUCR0001","Oregon State Police Oregon Uniform Crime Reporting","N",16,"8D","Non-MSA counties under 10,000","8","Non-MSA Counties","N",3,"R","Y",27,1,28,4,8,12,0,0,01-MAR-93,01-JAN-17,01-JAN-18,01-JAN-18,01-JAN-18,01-JAN-18,"N","BAKER","Non-MSA","Y","Y","Y"
153572020,15357,2020,"OR0010100","OR0010100","","N","N",,"I","BAKER CITY","BAKER CITY","Baker City","","A",41,"Oregon","OR","OR","9","Pacific","4","West","Region IV","City",9808,23387,"ORUCR0001","Oregon State Police Oregon Uniform Crime Reporting","N",10,"6","Cities from 2,500 thru 9,999","6","Cities from 2,500 thru 9,999","N",2,"R","Y",13,0,13,2,1,3,0,0,01-MAR-93,01-JAN-17,01-JAN-18,01-JAN-18,01-JAN-18,01-JAN-18,"N","BAKER","Non-MSA","Y","Y","Y"
153582020,15358,2020,"OR001070X","OR0010700","","N","N",,"I","LIQUOR COMM: BAKER CNTY","LIQUOR COMM: BAKER CNTY","Liquor Commission:","Baker County","A",41,"Oregon","OR","OR","9","Pacific","4","West","Region IV","Other State Agency",0,23387,"ORUCR0001","Oregon State Police Oregon Uniform Crime Reporting","N",16,"8D","Non-MSA counties under 10,000","8","Non-MSA Counties","N",3,"R","Y",0,0,0,0,0,0,0,0,01-MAR-93,01-JAN-14,01-JAN-14,,,,"N","BAKER","Non-MSA","Y","Y","Y"
153592020,15359,2020,"OR001SP00","OR001SP00","","N","N",,"I","SP: BAKER COUNTY","SP: BAKER COUNTY","State Police:","Baker County","A",41,"Oregon","OR","OR","9","Pacific","4","West","Region IV","State Police",0,23387,"ORUCR0001","Oregon State Police Oregon Uniform Crime Reporting","N",16,"8D","Non-MSA counties under 10,000","8","Non-MSA Counties","N",3,"R","Y",12,0,12,0,1,1,0,0,01-MAR-93,01-FEB-14,01-AUG-15,01-AUG-17,01-AUG-15,01-AUG-15,"N","BAKER","Non-MSA","Y","Y","Y"
153602020,15360,2020,"OR0020000","OR0020000","","N","N",,"I","BENTON","BENTON","Benton","","A",41,"Oregon","OR","OR","9","Pacific","4","West","Region IV","County",20680,23387,"ORUCR0001","Oregon State Police Oregon Uniform Crime Reporting","Y",21,"9C","MSA counties from 10,000 thru 24,999","9","MSA Counties","N",3,"R","Y",59,3,62,10,12,22,0,0,01-MAR-93,01-JAN-06,01-JUL-09,01-OCT-17,01-FEB-14,01-FEB-14,"N","BENTON","Corvallis, OR","Y","Y","Y"
153612020,15361,2020,"OR0020100","OR0020100","","N","N",,"I","CORVALLIS","CORVALLIS","Corvallis","","A",41,"Oregon","OR","OR","9","Pacific","4","West","Region IV","City",59375,23387,"ORUCR0001","Oregon State Police Oregon Uniform Crime Reporting","N",7,"3","Cities from 50,000 thru 99,999","3","Cities from 50,000 thru 99,999","N",2,"R","Y",62,10,72,11,26,37,0,0,01-MAR-93,01-JAN-03,01-JAN-09,01-OCT-17,01-FEB-14,01-FEB-14,"N","BENTON","Corvallis, OR","Y","Y","Y"
153622020,15362,2020,"OR0020200","OR0020200","","N","N",,"I","PHILOMATH","PHILOMATH","Philomath","","A",41,"Oregon","OR","OR","9","Pacific","4","West","Region IV","City",5805,23387,"ORUCR0001","Oregon State Police Oregon Uniform Crime Reporting","Y",10,"6","Cities from 2,500 thru 9,999","6","Cities from 2,500 thru 9,999","N",2,"R","Y",9,0,9,0,1,1,0,0,01-MAR-93,01-JAN-17,01-FEB-18,01-FEB-18,01-FEB-18,01-FEB-18,"N","BENTON","Corvallis, OR","Y","Y","Y"
153652020,15365,2020,"OR002050X","OR0020500","","N","N",,"I","LIQUOR COMM: BENTON CNTY","LIQUOR COMM: BENTON CNTY","Liquor Commission:","Benton County","A",41,"Oregon","OR","OR","9","Pacific","4","West","Region IV","Other State Agency",0,23387,"ORUCR0001","Oregon State Police Oregon Uniform Crime Reporting","Y",22,"9D","MSA counties under 10,000","9","MSA Counties","N",3,"R","Y",1,0,1,1,0,1,0,0,01-MAR-93,01-JAN-14,01-MAY-14,01-MAR-18,01-MAY-14,01-MAY-14,"N","BENTON","Corvallis, OR","Y","Y","Y"
153672020,15367,2020,"OR002SP00","OR002SP00","","N","N",,"I","SP: BENTON COUNTY","SP: BENTON COUNTY","State Police:","Benton County","A",41,"Oregon","OR","OR","9","Pacific","4","West","Region IV","State Police",0,23387,"ORUCR0001","Oregon State Police Oregon Uniform Crime Reporting","Y",22,"9D","MSA counties under 10,000","9","MSA Counties","N",3,"R","Y",9,0,9,0,0,0,0,0,01-MAR-93,01-JAN-14,01-AUG-15,01-AUG-17,01-AUG-15,01-AUG-15,"N","BENTON","Corvallis, OR","Y","Y","Y"
153682020,15368,2020,"OR0030000","OR0030000","","N","N",,"I","CLACKAMAS","CLACKAMAS","Clackamas","","A",41,"Oregon","OR","OR","9","Pacific","4","West","Region IV","County",242246,23387,"ORUCR0001","Oregon State Police Oregon Uniform Crime Reporting","Y",19,"9A","MSA counties 100,000 or over","9","MSA Counties","Y",3,"R","Y",176,133,309,19,103,122,0,0,01-MAR-93,01-JAN-16,01-JAN-17,01-JAN-17,01-JAN-17,01-JAN-17,"N","CLACKAMAS","Portland-Vancouver-Hillsboro, OR-WA","Y","Y","Y"
153692020,15369,2020,"OR0030100","OR0030100","","N","N",,"I","CANBY","CANBY","Canby","","A",41,"Oregon","OR","OR","9","Pacific","4","West","Region IV","City",18074,23387,"ORUCR0001","Oregon State Police Oregon Uniform Crime Reporting","Y",9,"5","Cities from 10,000 thru 24,999","5","Cities from 10,000 thru 24,999","N",2,"R","Y",24,0,24,2,4,6,0,0,01-MAR-93,01-JAN-16,01-FEB-17,01-FEB-17,01-FEB-17,01-FEB-17,"N","CLACKAMAS","Portland-Vancouver-Hillsboro, OR-WA","Y","Y","Y"
153712020,15371,2020,"OR0030300","OR0030300","","N","N",,"I","GLADSTONE","GLADSTONE","Gladstone","","A",41,"Oregon","OR","OR","9","Pacific","4","West","Region IV","City",12418,23387,"ORUCR0001","Oregon State Police Oregon Uniform Crime Reporting","Y",9,"5","Cities from 10,000 thru 24,999","5","Cities from 10,000 thru 24,999","N",2,"R","Y",15,1,16,0,2,2,0,0,01-MAR-93,01-JAN-15,01-JAN-17,01-JAN-17,01-JAN-17,01-JAN-17,"N","CLACKAMAS","Portland-Vancouver-Hillsboro, OR-WA","Y","Y","Y"
153722020,15372,2020,"OR0030400","OR0030400","","N","N",,"I","LAKE OSWEGO","LAKE OSWEGO","Lake Oswego","","A",41,"Oregon","OR","OR","9","Pacific","4","West","Region IV","City",40171,23387,"ORUCR0001","Oregon State Police Oregon Uniform Crime Reporting","Y",8,"4","Cities from 25,000 thru 49,999","4","Cities from 25,000 thru 49,999","N",2,"R","Y",35,8,43,6,18,24,0,0,01-MAR-93,01-JAN-15,01-JAN-17,01-JAN-17,01-JAN-17,01-JAN-17,"N","WASHINGTON; MULTNOMAH; CLACKAMAS","Portland-Vancouver-Hillsboro, OR-WA","Y","Y","Y"
153732020,15373,2020,"OR0030500","OR0030500","","N","N",,"I","MILWAUKIE","MILWAUKIE","Milwaukie","","A",41,"Oregon","OR","OR","9","Pacific","4","West","Region IV","City",21040,23387,"ORUCR0001","Oregon State Police Oregon Uniform Crime Reporting","Y",9,"5","Cities from 10,000 thru 24,999","5","Cities from 10,000 thru 24,999","N",2,"R","Y",32,0,32,5,5,10,0,0,01-MAR-93,01-DEC-15,01-FEB-17,01-FEB-17,01-FEB-17,01-FEB-17,"N","CLACKAMAS","Portland-Vancouver-Hillsboro, OR-WA","Y","Y","Y"
153742020,15374,2020,"OR0030600","OR0030600","","N","N",,"I","MOLALLA","MOLALLA","Molalla","","A",41,"Oregon","OR","OR","9","Pacific","4","West","Region IV","City",9351,23387,"ORUCR0001","Oregon State Police Oregon Uniform Crime Reporting","Y",10,"6","Cities from 2,500 thru 9,999","6","Cities from 2,500 thru 9,999","N",2,"R","Y",13,0,13,3,2,5,0,0,01-MAR-93,01-DEC-15,01-FEB-17,01-FEB-17,01-FEB-17,01-FEB-17,"N","CLACKAMAS","Portland-Vancouver-Hillsboro, OR-WA","Y","Y","Y"
153752020,15375,2020,"OR0030700","OR0030700","","N","N",,"I","OREGON CITY","OREGON CITY","Oregon City","","A",41,"Oregon","OR","OR","9","Pacific","4","West","Region IV","City",37892,23387,"ORUCR0001","Oregon State Police Oregon Uniform Crime Reporting","Y",8,"4","Cities from 25,000 thru 49,999","4","Cities from 25,000 thru 49,999","N",2,"R","Y",42,2,44,2,6,8,0,0,01-MAR-93,01-SEP-15,01-JAN-17,01-JAN-17,01-JAN-17,01-JAN-17,"N","CLACKAMAS","Portland-Vancouver-Hillsboro, OR-WA","Y","Y","Y"
153772020,15377,2020,"OR0030900","OR0030900","","N","N",,"I","WEST LINN","WEST LINN","West Linn","","A",41,"Oregon","OR","OR","9","Pacific","4","West","Region IV","City",26916,23387,"ORUCR0001","Oregon State Police Oregon Uniform Crime Reporting","Y",8,"4","Cities from 25,000 thru 49,999","4","Cities from 25,000 thru 49,999","N",2,"R","Y",28,0,28,2,4,6,0,0,01-MAR-93,01-NOV-15,01-FEB-17,01-FEB-17,01-FEB-17,01-FEB-17,"N","CLACKAMAS","Portland-Vancouver-Hillsboro, OR-WA","Y","Y","Y"
153792020,15379,2020,"OR003SP00","OR003SP00","","N","N",,"I","SP: CLACKAMAS COUNTY","SP: CLACKAMAS COUNTY","State Police:","Clackamas County","A",41,"Oregon","OR","OR","9","Pacific","4","West","Region IV","State Police",0,23387,"ORUCR0001","Oregon State Police Oregon Uniform Crime Reporting","Y",22,"9D","MSA counties under 10,000","9","MSA Counties","N",3,"R","Y",47,34,81,7,63,70,0,0,01-MAR-93,01-APR-14,01-AUG-15,01-AUG-17,01-AUG-15,01-AUG-15,"N","CLACKAMAS","Portland-Vancouver-Hillsboro, OR-WA","Y","Y","Y"
153802020,15380,2020,"OR0040000","OR0040000","","N","N",,"I","CLATSOP","CLATSOP","Clatsop","","A",41,"Oregon","OR","OR","9","Pacific","4","West","Region IV","County",14112,23387,"ORUCR0001","Oregon State Police Oregon Uniform Crime Reporting","N",15,"8C","Non-MSA counties from 10,000 thru 24,999","8","Non-MSA Counties","N",3,"R","Y",24,28,52,1,19,20,0,0,01-MAR-93,01-FEB-17,01-JUN-17,01-AUG-17,01-JUN-17,01-JUN-17,"N","CLATSOP","Non-MSA","Y","Y","Y"
153812020,15381,2020,"OR0040100","OR0040100","","N","N",,"I","ASTORIA","ASTORIA","Astoria","","A",41,"Oregon","OR","OR","9","Pacific","4","West","Region IV","City",10076,23387,"ORUCR0001","Oregon State Police Oregon Uniform Crime Reporting","N",9,"5","Cities from 10,000 thru 24,999","5","Cities from 10,000 thru 24,999","N",2,"R","Y",14,2,16,2,9,11,0,0,01-MAR-93,01-JAN-17,01-JAN-17,01-AUG-17,01-JAN-17,01-JAN-17,"N","CLATSOP","Non-MSA","Y","Y","Y"
153822020,15382,2020,"OR0040200","OR0040200","","N","N",,"I","GEARHART","GEARHART","Gearhart","","A",41,"Oregon","OR","OR","9","Pacific","4","West","Region IV","City",1662,23387,"ORUCR0001","Oregon State Police Oregon Uniform Crime Reporting","N",11,"7","Cities under 2,500","7","Cities under 2,500","N",2,"R","Y",3,0,3,0,0,0,0,0,01-MAR-93,01-MAY-14,01-AUG-14,01-SEP-17,01-AUG-14,01-AUG-14,"N","CLATSOP","Non-MSA","Y","Y","Y"
153832020,15383,2020,"OR0040300","OR0040300","","N","N",,"I","SEASIDE","SEASIDE","Seaside","","A",41,"Oregon","OR","OR","9","Pacific","4","West","Region IV","City",6938,23387,"ORUCR0001","Oregon State Police Oregon Uniform Crime Reporting","N",10,"6","Cities from 2,500 thru 9,999","6","Cities from 2,500 thru 9,999","N",2,"R","Y",17,2,19,2,6,8,0,0,01-MAR-93,01-JAN-17,01-JUN-17,01-OCT-17,01-JUN-17,01-JUN-17,"N","CLATSOP","Non-MSA","Y","Y","Y"
153842020,15384,2020,"OR0040400","OR0040400","","N","N",,"I","WARRENTON","WARRENTON","Warrenton","","A",41,"Oregon","OR","OR","9","Pacific","4","West","Region IV","City",5823,23387,"ORUCR0001","Oregon State Police Oregon Uniform Crime Reporting","N",10,"6","Cities from 2,500 thru 9,999","6","Cities from 2,500 thru 9,999","N",2,"R","Y",11,0,11,1,2,3,0,0,01-MAR-93,01-MAR-17,01-MAR-17,01-JUL-18,01-JUL-18,01-JUL-18,"N","CLATSOP","Non-MSA","Y","Y","Y"
153852020,15385,2020,"OR0040500","OR0040500","","N","N",,"I","CANNON BEACH","CANNON BEACH","Cannon Beach","","A",41,"Oregon","OR","OR","9","Pacific","4","West","Region IV","City",1777,23387,"ORUCR0001","Oregon State Police Oregon Uniform Crime Reporting","N",11,"7","Cities under 2,500","7","Cities under 2,500","N",2,"R","Y",6,1,7,1,2,3,0,0,01-MAR-93,01-AUG-16,01-OCT-16,01-OCT-17,01-OCT-16,01-OCT-16,"N","CLATSOP","Non-MSA","Y","Y","Y"
153872020,15387,2020,"OR004070X","OR0040700","","N","N",,"I","LIQUOR COMM: CLATSOP CTY","LIQUOR COMM: CLATSOP CTY","Liquor Commission:","Clatsop County","A",41,"Oregon","OR","OR","9","Pacific","4","West","Region IV","Other State Agency",0,23387,"ORUCR0001","Oregon State Police Oregon Uniform Crime Reporting","N",16,"8D","Non-MSA counties under 10,000","8","Non-MSA Counties","N",3,"R","Y",1,0,1,0,1,1,0,0,01-MAR-93,01-AUG-16,01-AUG-16,,,,"N","CLATSOP","Non-MSA","Y","Y","Y"
153882020,15388,2020,"OR004SP00","OR004SP00","","N","N",,"I","SP: CLATSOP COUNTY","SP: CLATSOP COUNTY","State Police:","Clatsop County","A",41,"Oregon","OR","OR","9","Pacific","4","West","Region IV","State Police",0,23387,"ORUCR0001","Oregon State Police Oregon Uniform Crime Reporting","N",16,"8D","Non-MSA counties under 10,000","8","Non-MSA Counties","N",3,"R","Y",12,1,13,1,2,3,0,0,01-MAR-93,01-FEB-14,01-AUG-15,01-AUG-17,01-AUG-15,01-AUG-15,"N","CLATSOP","Non-MSA","Y","Y","Y"
153892020,15389,2020,"OR0050000","OR0050000","","N","N",,"I","COLUMBIA","COLUMBIA","Columbia","","A",41,"Oregon","OR","OR","9","Pacific","4","West","Region IV","County",24608,23387,"ORUCR0001","Oregon State Police Oregon Uniform Crime Reporting","Y",21,"9C","MSA counties from 10,000 thru 24,999","9","MSA Counties","N",3,"R","Y",39,3,42,7,10,17,0,0,01-MAR-93,01-JAN-16,01-JAN-17,01-JAN-17,01-JAN-17,01-JAN-17,"N","COLUMBIA","Portland-Vancouver-Hillsboro, OR-WA","Y","Y","Y"
153912020,15391,2020,"OR0050200","OR0050200","","N","N",,"I","RAINIER","RAINIER","Rainier","","A",41,"Oregon","OR","OR","9","Pacific","4","West","Region IV","City",2021,23387,"ORUCR0001","Oregon State Police Oregon Uniform Crime Reporting","Y",11,"7","Cities under 2,500","7","Cities under 2,500","N",2,"R","Y",5,0,5,0,1,1,0,0,01-MAR-93,01-JAN-17,01-MAR-17,01-AUG-17,01-MAR-17,01-MAR-17,"N","COLUMBIA","Portland-Vancouver-Hillsboro, OR-WA","Y","Y","Y"
153922020,15392,2020,"OR0050300","OR0050300","","N","N",,"I","ST. HELENS","ST. HELENS","St. Helens","","A",41,"Oregon","OR","OR","9","Pacific","4","West","Region IV","City",13818,23387,"ORUCR0001","Oregon State Police Oregon Uniform Crime Reporting","Y",9,"5","Cities from 10,000 thru 24,999","5","Cities from 10,000 thru 24,999","N",2,"R","Y",19,0,19,0,3,3,0,0,01-MAR-93,01-JAN-16,01-JAN-17,01-JAN-17,01-JAN-17,01-JAN-17,"N","COLUMBIA","Portland-Vancouver-Hillsboro, OR-WA","Y","Y","Y"
153932020,15393,2020,"OR0050400","OR0050400","","N","N",,"I","SCAPPOOSE","SCAPPOOSE","Scappoose","","A",41,"Oregon","OR","OR","9","Pacific","4","West","Region IV","City",7666,23387,"ORUCR0001","Oregon State Police Oregon Uniform Crime Reporting","Y",10,"6","Cities from 2,500 thru 9,999","6","Cities from 2,500 thru 9,999","N",2,"R","Y",9,0,9,1,1,2,0,0,01-MAR-93,01-JAN-16,01-FEB-17,01-FEB-17,01-FEB-17,01-FEB-17,"N","COLUMBIA","Portland-Vancouver-Hillsboro, OR-WA","Y","Y","Y"
153942020,15394,2020,"OR0050500","OR0050500","","N","N",,"I","VERNONIA","VERNONIA","Vernonia","","A",41,"Oregon","OR","OR","9","Pacific","4","West","Region IV","City",2294,23387,"ORUCR0001","Oregon State Police Oregon Uniform Crime Reporting","Y",11,"7","Cities under 2,500","7","Cities under 2,500","N",2,"R","Y",4,0,4,1,1,2,0,0,01-MAR-93,01-JUN-13,01-DEC-13,01-AUG-17,01-FEB-14,01-FEB-14,"N","COLUMBIA","Portland-Vancouver-Hillsboro, OR-WA","Y","Y","Y"
153952020,15395,2020,"OR0050600","OR0050600","","N","N",,"I","COLUMBIA CITY","COLUMBIA CITY","Columbia City","","A",41,"Oregon","OR","OR","9","Pacific","4","West","Region IV","City",2030,23387,"ORUCR0001","Oregon State Police Oregon Uniform Crime Reporting","Y",11,"7","Cities under 2,500","7","Cities under 2,500","N",2,"R","Y",2,0,2,0,0,0,0,0,01-MAR-93,01-JAN-13,01-JAN-13,01-SEP-19,01-FEB-14,01-FEB-14,"N","COLUMBIA","Portland-Vancouver-Hillsboro, OR-WA","Y","Y","Y"
153962020,15396,2020,"OR005070X","OR0050700","","N","N",,"I","LIQUOR COMM: COLUMBIA CO","LIQUOR COMM: COLUMIBA CO","Liquor Commission:","Columbia County","A",41,"Oregon","OR","OR","9","Pacific","4","West","Region IV","Other State Agency",0,23387,"ORUCR0001","Oregon State Police Oregon Uniform Crime Reporting","Y",22,"9D","MSA counties under 10,000","9","MSA Counties","N",3,"R","Y",0,0,0,0,0,0,0,0,01-MAR-93,01-JAN-14,01-JAN-14,,,,"N","COLUMBIA","Portland-Vancouver-Hillsboro, OR-WA","Y","Y","Y"
153972020,15397,2020,"OR005SP00","OR005SP00","","N","N",,"I","SP: COLUMBIA COUNTY","SP: COLUMBIA COUNTY","State Police:","Columbia County","A",41,"Oregon","OR","OR","9","Pacific","4","West","Region IV","State Police",0,23387,"ORUCR0001","Oregon State Police Oregon Uniform Crime Reporting","Y",22,"9D","MSA counties under 10,000","9","MSA Counties","N",3,"R","Y",9,0,9,1,0,1,0,0,01-MAR-93,01-MAR-14,01-AUG-15,01-AUG-17,01-AUG-15,01-AUG-15,"N","COLUMBIA","Portland-Vancouver-Hillsboro, OR-WA","Y","Y","Y"
153982020,15398,2020,"OR0060000","OR0060000","","N","N",,"I","COOS","COOS","Coos","","A",41,"Oregon","OR","OR","9","Pacific","4","West","Region IV","County",28481,23387,"ORUCR0001","Oregon State Police Oregon Uniform Crime Reporting","N",14,"8B","Non-MSA counties from 25,000 thru 99,999","8","Non-MSA Counties","N",3,"R","Y",54,7,61,6,22,28,0,0,01-MAR-93,01-JUN-17,01-JUN-17,01-FEB-18,01-FEB-18,01-FEB-18,"N","COOS","Non-MSA","Y","Y","Y"
153992020,15399,2020,"OR0060100","OR0060100","","N","N",,"I","BANDON","BANDON","Bandon","","A",41,"Oregon","OR","OR","9","Pacific","4","West","Region IV","City",3161,23387,"ORUCR0001","Oregon State Police Oregon Uniform Crime Reporting","N",10,"6","Cities from 2,500 thru 9,999","6","Cities from 2,500 thru 9,999","N",2,"R","Y",6,2,8,0,1,1,0,0,01-MAR-93,01-JAN-16,01-FEB-17,01-FEB-18,01-FEB-17,01-FEB-17,"N","COOS","Non-MSA","Y","Y","Y"
154002020,15400,2020,"OR0060200","OR0060200","","N","N",,"I","COOS BAY","COOS BAY","Coos Bay","","A",41,"Oregon","OR","OR","9","Pacific","4","West","Region IV","City",16403,23387,"ORUCR0001","Oregon State Police Oregon Uniform Crime Reporting","N",9,"5","Cities from 10,000 thru 24,999","5","Cities from 10,000 thru 24,999","N",2,"R","Y",24,1,25,0,11,11,0,0,01-MAR-93,01-JAN-16,01-APR-16,01-SEP-17,01-APR-16,01-APR-16,"N","COOS","Non-MSA","Y","Y","Y"
154012020,15401,2020,"OR0060300","OR0060300","","N","N",,"I","COQUILLE","COQUILLE","Coquille","","A",41,"Oregon","OR","OR","9","Pacific","4","West","Region IV","City",3944,23387,"ORUCR0001","Oregon State Police Oregon Uniform Crime Reporting","N",10,"6","Cities from 2,500 thru 9,999","6","Cities from 2,500 thru 9,999","N",2,"R","Y",5,0,5,1,1,2,0,0,01-MAR-93,01-JAN-17,01-FEB-18,01-FEB-18,01-FEB-18,01-FEB-18,"N","COOS","Non-MSA","Y","Y","Y"
154042020,15404,2020,"OR0060600","OR0060600","","N","N",,"I","NORTH BEND","NORTH BEND","North Bend","","A",41,"Oregon","OR","OR","9","Pacific","4","West","Region IV","City",9778,23387,"ORUCR0001","Oregon State Police Oregon Uniform Crime Reporting","N",10,"6","Cities from 2,500 thru 9,999","6","Cities from 2,500 thru 9,999","N",2,"R","Y",17,0,17,0,7,7,0,0,01-MAR-93,01-MAR-15,01-NOV-15,01-SEP-17,01-NOV-15,01-NOV-15,"N","COOS","Non-MSA","Y","Y","Y"
154072020,15407,2020,"OR006090X","OR0060900","","N","N",,"I","LIQUOR COMM: COOS COUNTY","LIQUOR COMM: COOS COUNTY","Liquor Commission:","Coos County","A",41,"Oregon","OR","OR","9","Pacific","4","West","Region IV","Other State Agency",0,23387,"ORUCR0001","Oregon State Police Oregon Uniform Crime Reporting","N",16,"8D","Non-MSA counties under 10,000","8","Non-MSA Counties","N",3,"R","Y",0,0,0,1,0,1,0,0,01-MAR-93,01-JAN-14,01-JAN-14,,,,"N","COOS","Non-MSA","Y","Y","Y"
154092020,15409,2020,"OR006SP00","OR006SP00","","N","N",,"I","SP: COOS COUNTY","SP: COOS COUNTY","State Police:","Coos County","A",41,"Oregon","OR","OR","9","Pacific","4","West","Region IV","State Police",0,23387,"ORUCR0001","Oregon State Police Oregon Uniform Crime Reporting","N",16,"8D","Non-MSA counties under 10,000","8","Non-MSA Counties","N",3,"R","Y",19,1,20,0,2,2,0,0,01-MAR-93,01-JAN-14,01-AUG-15,01-AUG-17,01-AUG-15,01-AUG-15,"N","COOS","Non-MSA","Y","Y","Y"
154102020,15410,2020,"OR0070000","OR0070000","","N","N",,"I","CROOK","CROOK","Crook","","A",41,"Oregon","OR","OR","9","Pacific","4","West","Region IV","County",13790,23387,"ORUCR0001","Oregon State Police Oregon Uniform Crime Reporting","N",15,"8C","Non-MSA counties from 10,000 thru 24,999","8","Non-MSA Counties","N",3,"R","Y",33,8,41,4,16,20,0,0,01-MAR-93,01-SEP-15,01-OCT-15,01-AUG-17,01-OCT-15,01-OCT-15,"N","CROOK","Non-MSA","Y","Y","Y"
154112020,15411,2020,"OR0070100","OR0070100","","N","N",,"I","PRINEVILLE","PRINEVILLE","Prineville","","A",41,"Oregon","OR","OR","9","Pacific","4","West","Region IV","City",10919,23387,"ORUCR0001","Oregon State Police Oregon Uniform Crime Reporting","N",9,"5","Cities from 10,000 thru 24,999","5","Cities from 10,000 thru 24,999","N",2,"R","Y",20,1,21,1,9,10,0,0,01-MAR-93,01-JAN-16,01-FEB-17,01-AUG-17,01-FEB-17,01-FEB-17,"N","CROOK","Non-MSA","Y","Y","Y"
154122020,15412,2020,"OR007020X","OR0070200","","N","N",,"I","LIQUOR COMM: CROOK CNTY","LIQUOR COMM: CROOK CNTY","Liquor Commission:","Crook County","A",41,"Oregon","OR","OR","9","Pacific","4","West","Region IV","Other State Agency",0,23387,"ORUCR0001","Oregon State Police Oregon Uniform Crime Reporting","N",16,"8D","Non-MSA counties under 10,000","8","Non-MSA Counties","N",3,"R","Y",0,0,0,0,0,0,0,0,01-MAR-93,01-JAN-14,01-JUL-15,01-MAY-18,01-JUL-15,01-JUL-15,"N","CROOK","Non-MSA","Y","Y","Y"
154132020,15413,2020,"OR007SP00","OR007SP00","","N","N",,"I","SP: CROOK COUNTY","SP: CROOK COUNTY","State Police:","Crook County","A",41,"Oregon","OR","OR","9","Pacific","4","West","Region IV","State Police",0,23387,"ORUCR0001","Oregon State Police Oregon Uniform Crime Reporting","N",16,"8D","Non-MSA counties under 10,000","8","Non-MSA Counties","N",3,"R","Y",6,0,6,0,0,0,0,0,01-MAR-93,01-FEB-14,01-AUG-15,01-AUG-17,01-AUG-15,01-AUG-15,"N","CROOK","Non-MSA","Y","Y","Y"
154142020,15414,2020,"OR0080000","OR0080000","","N","N",,"I","CURRY","CURRY","Curry","","A",41,"Oregon","OR","OR","9","Pacific","4","West","Region IV","County",12912,23387,"ORUCR0001","Oregon State Police Oregon Uniform Crime Reporting","N",15,"8C","Non-MSA counties from 10,000 thru 24,999","8","Non-MSA Counties","N",3,"R","Y",19,11,30,1,14,15,0,0,01-MAR-93,01-JAN-17,01-NOV-17,01-NOV-17,01-NOV-17,01-NOV-17,"N","CURRY","Non-MSA","Y","Y","Y"
154152020,15415,2020,"OR0080100","OR0080100","","N","N",,"I","BROOKINGS","BROOKINGS","Brookings","","A",41,"Oregon","OR","OR","9","Pacific","4","West","Region IV","City",6495,23387,"ORUCR0001","Oregon State Police Oregon Uniform Crime Reporting","N",10,"6","Cities from 2,500 thru 9,999","6","Cities from 2,500 thru 9,999","N",2,"R","Y",15,1,16,0,7,7,0,0,01-MAR-93,01-JAN-17,01-JUN-17,01-NOV-17,01-JUN-17,01-JUN-17,"N","CURRY","Non-MSA","Y","Y","Y"
154192020,15419,2020,"OR008SP00","OR008SP00","","N","N",,"I","SP: CURRY COUNTY","SP: CURRY COUNTY","State Police:","Curry County","A",41,"Oregon","OR","OR","9","Pacific","4","West","Region IV","State Police",0,23387,"ORUCR0001","Oregon State Police Oregon Uniform Crime Reporting","N",16,"8D","Non-MSA counties under 10,000","8","Non-MSA Counties","N",3,"R","Y",8,0,8,1,0,1,0,0,01-MAR-93,01-JAN-14,01-AUG-15,01-AUG-17,01-AUG-15,01-AUG-15,"N","CURRY","Non-MSA","Y","Y","Y"
154202020,15420,2020,"OR0090000","OR0090000","","N","N",,"I","DESCHUTES","DESCHUTES","Deschutes","","A",41,"Oregon","OR","OR","9","Pacific","4","West","Region IV","County",63633,23387,"ORUCR0001","Oregon State Police Oregon Uniform Crime Reporting","Y",20,"9B","MSA counties from 25,000 thru 99,999","9","MSA Counties","N",3,"R","Y",176,23,199,20,42,62,0,0,01-MAR-93,01-JAN-06,01-JAN-09,01-AUG-17,01-FEB-14,01-FEB-14,"N","DESCHUTES","Bend, OR","Y","Y","Y"
154212020,15421,2020,"OR0090100","OR0090100","","N","N",,"I","BEND","BEND","Bend","","A",41,"Oregon","OR","OR","9","Pacific","4","West","Region IV","City",103485,23387,"ORUCR0001","Oregon State Police Oregon Uniform Crime Reporting","N",6,"2","Cities from 100,000 thru 249,999","2","Cities from 100,000 thru 249,999","Y",1,"R","Y",86,12,98,11,22,33,0,0,01-MAR-93,01-JAN-05,01-JAN-09,01-AUG-17,01-FEB-14,01-FEB-14,"N","DESCHUTES","Bend, OR","Y","Y","Y"
154222020,15422,2020,"OR0090200","OR0090200","","N","N",,"I","REDMOND","REDMOND","Redmond","","A",41,"Oregon","OR","OR","9","Pacific","4","West","Region IV","City",33198,23387,"ORUCR0001","Oregon State Police Oregon Uniform Crime Reporting","Y",8,"4","Cities from 25,000 thru 49,999","4","Cities from 25,000 thru 49,999","N",2,"R","Y",40,4,44,3,7,10,0,0,01-MAR-93,01-SEP-05,01-FEB-09,01-AUG-17,01-MAR-14,01-MAR-14,"N","DESCHUTES","Bend, OR","Y","Y","Y"
154242020,15424,2020,"OR0090400","OR0090400","","N","N",,"I","BLACK BUTTE","BLACK BUTTE","Black Butte","","A",41,"Oregon","OR","OR","9","Pacific","4","West","Region IV","City",0,23387,"ORUCR0001","Oregon State Police Oregon Uniform Crime Reporting","Y",11,"7","Cities under 2,500","7","Cities under 2,500","N",2,"R","Y",7,0,7,0,1,1,0,0,01-MAR-93,01-APR-06,01-JUL-09,01-AUG-17,01-MAR-14,01-MAR-14,"N","DESCHUTES","Bend, OR","Y","Y","Y"
154252020,15425,2020,"OR0090500","OR0090500","","N","N",,"I","SUNRIVER","SUNRIVER","Sunriver","","A",41,"Oregon","OR","OR","9","Pacific","4","West","Region IV","City",1393,23387,"ORUCR0001","Oregon State Police Oregon Uniform Crime Reporting","Y",11,"7","Cities under 2,500","7","Cities under 2,500","N",2,"R","Y",9,0,9,3,1,4,0,0,01-MAR-93,01-JAN-06,01-JUL-09,01-AUG-17,01-SEP-14,01-SEP-14,"N","DESCHUTES","Bend, OR","Y","Y","Y"
154262020,15426,2020,"OR009SP00","OR009SP00","","N","N",,"I","SP: DESCHUTES COUNTY","SP: DESCHUTES COUNTY","State Police:","Deschutes County","A",41,"Oregon","OR","OR","9","Pacific","4","West","Region IV","State Police",0,23387,"ORUCR0001","Oregon State Police Oregon Uniform Crime Reporting","Y",22,"9D","MSA counties under 10,000","9","MSA Counties","N",3,"R","Y",36,9,45,5,8,13,0,0,01-MAR-93,01-FEB-14,01-AUG-15,01-AUG-17,01-AUG-15,01-AUG-15,"N","DESCHUTES","Bend, OR","Y","Y","Y"
154272020,15427,2020,"OR0100000","OR0100000","","N","N",,"I","DOUGLAS","DOUGLAS","Douglas","","A",41,"Oregon","OR","OR","9","Pacific","4","West","Region IV","County",65898,23387,"ORUCR0001","Oregon State Police Oregon Uniform Crime Reporting","N",14,"8B","Non-MSA counties from 25,000 thru 99,999","8","Non-MSA Counties","N",3,"R","Y",62,31,93,3,40,43,0,0,01-MAR-93,01-JUN-02,01-JUL-09,01-JAN-18,01-APR-14,01-APR-14,"N","DOUGLAS","Non-MSA","Y","Y","Y"
154292020,15429,2020,"OR0100200","OR0100200","","N","N",,"I","MYRTLE CREEK","MYRTLE CREEK","Myrtle Creek","","A",41,"Oregon","OR","OR","9","Pacific","4","West","Region IV","City",3493,23387,"ORUCR0001","Oregon State Police Oregon Uniform Crime Reporting","N",10,"6","Cities from 2,500 thru 9,999","6","Cities from 2,500 thru 9,999","N",2,"R","Y",7,0,7,0,2,2,0,0,01-MAR-93,01-JUL-05,01-JUL-09,01-OCT-17,01-JUL-16,01-JUL-16,"N","DOUGLAS","Non-MSA","Y","Y","Y"
154302020,15430,2020,"OR0100300","OR0100300","","N","N",,"I","REEDSPORT","REEDSPORT","Reedsport","","A",41,"Oregon","OR","OR","9","Pacific","4","West","Region IV","City",4111,23387,"ORUCR0001","Oregon State Police Oregon Uniform Crime Reporting","N",10,"6","Cities from 2,500 thru 9,999","6","Cities from 2,500 thru 9,999","N",2,"R","Y",10,1,11,0,4,4,0,0,01-MAR-93,01-JAN-06,01-JUL-09,01-AUG-17,01-JAN-15,01-JAN-15,"N","DOUGLAS","Non-MSA","Y","Y","Y"
154322020,15432,2020,"OR0100500","OR0100500","","N","N",,"I","ROSEBURG","ROSEBURG","Roseburg","","A",41,"Oregon","OR","OR","9","Pacific","4","West","Region IV","City",23551,23387,"ORUCR0001","Oregon State Police Oregon Uniform Crime Reporting","N",9,"5","Cities from 10,000 thru 24,999","5","Cities from 10,000 thru 24,999","N",2,"R","Y",36,0,36,2,5,7,0,0,01-MAR-93,01-DEC-05,01-JUL-09,01-AUG-17,01-MAR-14,01-MAR-14,"N","DOUGLAS","Non-MSA","Y","Y","Y"
154332020,15433,2020,"OR0100600","OR0100600","","N","N",,"I","SUTHERLIN","SUTHERLIN","Sutherlin","","A",41,"Oregon","OR","OR","9","Pacific","4","West","Region IV","City",8223,23387,"ORUCR0001","Oregon State Police Oregon Uniform Crime Reporting","N",10,"6","Cities from 2,500 thru 9,999","6","Cities from 2,500 thru 9,999","N",2,"R","Y",13,0,13,1,4,5,0,0,01-MAR-93,01-JAN-03,01-JUL-09,01-AUG-17,01-JUN-14,01-JUN-14,"N","DOUGLAS","Non-MSA","Y","Y","Y"
154342020,15434,2020,"OR0100700","OR0100700","","N","N",,"I","WINSTON","WINSTON","Winston","","A",41,"Oregon","OR","OR","9","Pacific","4","West","Region IV","City",5528,23387,"ORUCR0001","Oregon State Police Oregon Uniform Crime Reporting","N",10,"6","Cities from 2,500 thru 9,999","6","Cities from 2,500 thru 9,999","N",2,"R","Y",10,1,11,0,1,1,0,0,01-MAR-93,01-JAN-06,01-JUL-09,01-MAY-18,01-MAR-14,01-MAR-14,"N","DOUGLAS","Non-MSA","Y","Y","Y"
154382020,15438,2020,"OR010120X","OR0101200","","N","N",,"I","LIQUOR COMM: DOUGLAS CTY","LIQUOR COMM: DOUGLAS CTY","Liquor Commission:","Douglas County","A",41,"Oregon","OR","OR","9","Pacific","4","West","Region IV","Other State Agency",0,23387,"ORUCR0001","Oregon State Police Oregon Uniform Crime Reporting","N",16,"8D","Non-MSA counties under 10,000","8","Non-MSA Counties","N",3,"R","Y",1,0,1,0,1,1,0,0,01-MAR-93,01-JAN-14,01-JAN-14,,,,"N","DOUGLAS","Non-MSA","Y","Y","Y"
154392020,15439,2020,"OR010SP00","OR010SP00","","N","N",,"I","SP: DOUGLAS COUNTY","SP: DOUGLAS COUNTY","State Police:","Douglas County","A",41,"Oregon","OR","OR","9","Pacific","4","West","Region IV","State Police",0,23387,"ORUCR0001","Oregon State Police Oregon Uniform Crime Reporting","N",16,"8D","Non-MSA counties under 10,000","8","Non-MSA Counties","N",3,"R","Y",27,0,27,1,2,3,0,0,01-MAR-93,01-MAR-14,01-AUG-15,01-AUG-17,01-AUG-15,01-AUG-15,"N","DOUGLAS","Non-MSA","Y","Y","Y"
154402020,15440,2020,"OR0110000","OR0110000","","N","N",,"I","GILLIAM","GILLIAM","Gilliam","","A",41,"Oregon","OR","OR","9","Pacific","4","West","Region IV","County",1906,23387,"ORUCR0001","Oregon State Police Oregon Uniform Crime Reporting","N",16,"8D","Non-MSA counties under 10,000","8","Non-MSA Counties","N",3,"R","Y",7,0,7,1,1,2,0,0,01-MAR-93,01-JAN-19,01-JAN-19,01-APR-19,01-APR-19,01-APR-19,"N","GILLIAM","Non-MSA","Y","Y","Y"
154432020,15443,2020,"OR011030X","OR0110300","","N","N",,"I","LIQUOR COMM: GILLIAM CTY","LIQUOR COMM: GILLIAM CTY","Liquor Commission:","Gilliam County","A",41,"Oregon","OR","OR","9","Pacific","4","West","Region IV","Other State Agency",0,23387,"ORUCR0001","Oregon State Police Oregon Uniform Crime Reporting","N",16,"8D","Non-MSA counties under 10,000","8","Non-MSA Counties","N",3,"R","Y",0,0,0,0,0,0,0,0,01-MAR-93,01-JAN-14,01-JAN-14,,,,"N","GILLIAM","Non-MSA","Y","Y","Y"
154442020,15444,2020,"OR011SP00","OR011SP00","","N","N",,"I","SP: GILLIAM COUNTY","SP: GILLIAM COUNTY","State Police:","Gilliam County","A",41,"Oregon","OR","OR","9","Pacific","4","West","Region IV","State Police",0,23387,"ORUCR0001","Oregon State Police Oregon Uniform Crime Reporting","N",16,"8D","Non-MSA counties under 10,000","8","Non-MSA Counties","N",3,"R","Y",0,0,0,0,0,0,0,0,01-MAR-93,01-MAR-14,01-AUG-15,01-OCT-17,01-AUG-15,01-AUG-15,"N","GILLIAM","Non-MSA","Y","Y","Y"
154462020,15446,2020,"OR0120200","OR0120200","","N","N",,"I","JOHN DAY","JOHN DAY","John Day","","A",41,"Oregon","OR","OR","9","Pacific","4","West","Region IV","City",1663,23387,"ORUCR0001","Oregon State Police Oregon Uniform Crime Reporting","N",11,"7","Cities under 2,500","7","Cities under 2,500","N",2,"R","Y",4,0,4,0,1,1,0,0,01-MAR-93,01-MAR-17,01-OCT-17,01-OCT-17,01-OCT-17,01-OCT-17,"N","GRANT","Non-MSA","Y","Y","Y"
154482020,15448,2020,"OR012060X","OR0120600","","N","N",,"I","LIQUOR COMM: GRANT CNTY","LIQUOR COMM: GRANT CNTY","Liquor Commission:","Grant County","A",41,"Oregon","OR","OR","9","Pacific","4","West","Region IV","Other State Agency",0,23387,"ORUCR0001","Oregon State Police Oregon Uniform Crime Reporting","N",16,"8D","Non-MSA counties under 10,000","8","Non-MSA Counties","N",3,"R","Y",0,0,0,0,0,0,0,0,01-MAR-93,01-JAN-14,01-JAN-14,,,,"N","GRANT","Non-MSA","Y","Y","Y"
154492020,15449,2020,"OR012SP00","OR012SP00","","N","N",,"I","SP: GRANT COUNTY","SP: GRANT COUNTY","State Police:","Grant County","A",41,"Oregon","OR","OR","9","Pacific","4","West","Region IV","State Police",0,23387,"ORUCR0001","Oregon State Police Oregon Uniform Crime Reporting","N",16,"8D","Non-MSA counties under 10,000","8","Non-MSA Counties","N",3,"R","Y",7,0,7,0,0,0,0,0,01-MAR-93,01-JAN-14,01-AUG-15,01-AUG-17,01-AUG-15,01-AUG-15,"N","GRANT","Non-MSA","Y","Y","Y"
154502020,15450,2020,"OR0130000","OR0130000","","N","N",,"I","HARNEY","HARNEY","Harney","","A",41,"Oregon","OR","OR","9","Pacific","4","West","Region IV","County",3019,23387,"ORUCR0001","Oregon State Police Oregon Uniform Crime Reporting","N",16,"8D","Non-MSA counties under 10,000","8","Non-MSA Counties","N",3,"R","Y",12,1,13,5,6,11,0,0,01-MAR-93,01-JAN-16,01-MAR-16,01-AUG-17,01-MAR-16,01-MAR-16,"N","HARNEY","Non-MSA","Y","Y","Y"
154512020,15451,2020,"OR0130100","OR0130100","","N","N",,"I","BURNS","BURNS","Burns","","A",41,"Oregon","OR","OR","9","Pacific","4","West","Region IV","City",2794,23387,"ORUCR0001","Oregon State Police Oregon Uniform Crime Reporting","N",10,"6","Cities from 2,500 thru 9,999","6","Cities from 2,500 thru 9,999","N",2,"R","Y",4,0,4,0,0,0,0,0,01-MAR-93,01-JUL-17,01-JUL-14,01-AUG-17,01-JUL-14,01-JUL-14,"N","HARNEY","Non-MSA","Y","Y","Y"
154522020,15452,2020,"OR0130200","OR0130200","","N","N",,"I","HINES","HINES","Hines","","A",41,"Oregon","OR","OR","9","Pacific","4","West","Region IV","City",1543,23387,"ORUCR0001","Oregon State Police Oregon Uniform Crime Reporting","N",11,"7","Cities under 2,500","7","Cities under 2,500","N",2,"R","Y",4,0,4,0,0,0,0,0,01-MAR-93,01-JUL-14,01-SEP-14,01-JAN-18,01-SEP-14,01-SEP-14,"N","HARNEY","Non-MSA","Y","Y","Y"
154552020,15455,2020,"OR013SP00","OR013SP00","","N","N",,"I","SP: HARNEY COUNTY","SP: HARNEY COUNTY","State Police:","Harney County","A",41,"Oregon","OR","OR","9","Pacific","4","West","Region IV","State Police",0,23387,"ORUCR0001","Oregon State Police Oregon Uniform Crime Reporting","N",16,"8D","Non-MSA counties under 10,000","8","Non-MSA Counties","N",3,"R","Y",7,0,7,0,0,0,0,0,01-MAR-93,01-JAN-14,01-AUG-15,01-AUG-17,01-AUG-15,01-AUG-15,"N","HARNEY","Non-MSA","Y","Y","Y"
154562020,15456,2020,"OR0140000","OR0140000","","N","N",,"I","HOOD RIVER","HOOD RIVER","Hood River","","A",41,"Oregon","OR","OR","9","Pacific","4","West","Region IV","County",15509,23387,"ORUCR0001","Oregon State Police Oregon Uniform Crime Reporting","N",15,"8C","Non-MSA counties from 10,000 thru 24,999","8","Non-MSA Counties","N",3,"R","Y",17,7,24,3,20,23,0,0,01-MAR-93,01-JAN-14,01-SEP-14,01-AUG-17,01-SEP-14,01-SEP-14,"N","HOOD RIVER","Non-MSA","Y","Y","Y"
154572020,15457,2020,"OR0140200","OR0140200","","N","N",,"I","HOOD RIVER","HOOD RIVER","Hood River","","A",41,"Oregon","OR","OR","9","Pacific","4","West","Region IV","City",7863,23387,"ORUCR0001","Oregon State Police Oregon Uniform Crime Reporting","N",10,"6","Cities from 2,500 thru 9,999","6","Cities from 2,500 thru 9,999","N",2,"R","Y",13,0,13,0,1,1,0,0,01-MAR-93,01-JUL-14,01-JUL-14,01-OCT-18,01-JUL-15,01-JUL-15,"N","HOOD RIVER","Non-MSA","Y","Y","Y"
154582020,15458,2020,"OR014030X","OR0140300","","N","N",,"I","LIQUOR COMM: HOOD RVR CO","LIQUOR COMM: HOOD RVR CO","Liquor Commission:","Hood River County","A",41,"Oregon","OR","OR","9","Pacific","4","West","Region IV","Other State Agency",0,23387,"ORUCR0001","Oregon State Police Oregon Uniform Crime Reporting","N",16,"8D","Non-MSA counties under 10,000","8","Non-MSA Counties","N",3,"R","Y",0,0,0,0,0,0,0,0,01-MAR-93,01-JAN-14,01-JAN-14,,,,"N","HOOD RIVER","Non-MSA","Y","Y","Y"
154592020,15459,2020,"OR014SP00","OR014SP00","","N","N",,"I","SP: HOOD RIVER COUNTY","SP: HOOD RIVER COUNTY","State Police:","Hood River County","A",41,"Oregon","OR","OR","9","Pacific","4","West","Region IV","State Police",0,23387,"ORUCR0001","Oregon State Police Oregon Uniform Crime Reporting","N",16,"8D","Non-MSA counties under 10,000","8","Non-MSA Counties","N",3,"R","Y",0,0,0,0,0,0,0,0,01-MAR-93,01-JAN-03,01-AUG-15,01-AUG-17,01-AUG-15,01-AUG-15,"N","HOOD RIVER","Non-MSA","Y","Y","Y"
154602020,15460,2020,"OR0150000","OR0150000","","N","N",,"I","JACKSON","JACKSON","Jackson","","A",41,"Oregon","OR","OR","9","Pacific","4","West","Region IV","County",71114,23387,"ORUCR0001","Oregon State Police Oregon Uniform Crime Reporting","Y",20,"9B","MSA counties from 25,000 thru 99,999","9","MSA Counties","N",3,"R","Y",114,5,119,16,37,53,0,0,01-MAR-93,01-JAN-03,01-JUL-09,01-AUG-17,01-FEB-14,01-FEB-14,"N","JACKSON","Medford, OR","Y","Y","Y"
154612020,15461,2020,"OR0150100","OR0150100","","N","N",,"I","ASHLAND","ASHLAND","Ashland","","A",41,"Oregon","OR","OR","9","Pacific","4","West","Region IV","City",21419,23387,"ORUCR0001","Oregon State Police Oregon Uniform Crime Reporting","Y",9,"5","Cities from 10,000 thru 24,999","5","Cities from 10,000 thru 24,999","N",2,"R","Y",27,1,28,2,6,8,0,0,01-MAR-93,01-JAN-03,01-JUL-09,01-AUG-17,01-FEB-14,01-FEB-14,"N","JACKSON","Medford, OR","Y","Y","Y"
154622020,15462,2020,"OR0150200","OR0150200","","N","N",,"I","CENTRAL POINT","CENTRAL POINT","Central Point","","A",41,"Oregon","OR","OR","9","Pacific","4","West","Region IV","City",19032,23387,"ORUCR0001","Oregon State Police Oregon Uniform Crime Reporting","Y",9,"5","Cities from 10,000 thru 24,999","5","Cities from 10,000 thru 24,999","N",2,"R","Y",23,1,24,4,5,9,0,0,01-MAR-93,01-JAN-03,01-JUL-09,01-AUG-17,01-FEB-14,01-FEB-14,"N","JACKSON","Medford, OR","Y","Y","Y"
154632020,15463,2020,"OR0150300","OR0150300","","N","N",,"I","JACKSONVILLE","JACKSONVILLE","Jacksonville","","A",41,"Oregon","OR","OR","9","Pacific","4","West","Region IV","City",2912,23387,"ORUCR0001","Oregon State Police Oregon Uniform Crime Reporting","Y",10,"6","Cities from 2,500 thru 9,999","6","Cities from 2,500 thru 9,999","N",2,"R","Y",4,0,4,1,1,2,0,0,01-MAR-93,01-JAN-03,01-JUL-09,01-AUG-17,01-FEB-14,01-FEB-14,"N","JACKSON","Medford, OR","Y","Y","Y"
154642020,15464,2020,"OR0150400","OR0150400","","N","N",,"I","MEDFORD","MEDFORD","Medford","","A",41,"Oregon","OR","OR","9","Pacific","4","West","Region IV","City",84016,23387,"ORUCR0001","Oregon State Police Oregon Uniform Crime Reporting","N",7,"3","Cities from 50,000 thru 99,999","3","Cities from 50,000 thru 99,999","N",2,"R","Y",97,11,108,17,40,57,0,0,01-MAR-93,01-JAN-03,01-JAN-09,01-AUG-17,01-FEB-14,01-FEB-14,"N","JACKSON","Medford, OR","Y","Y","Y"
154652020,15465,2020,"OR0150500","OR0150500","","N","N",,"I","PHOENIX","PHOENIX","Phoenix","","A",41,"Oregon","OR","OR","9","Pacific","4","West","Region IV","City",4680,23387,"ORUCR0001","Oregon State Police Oregon Uniform Crime Reporting","Y",10,"6","Cities from 2,500 thru 9,999","6","Cities from 2,500 thru 9,999","N",2,"R","Y",9,1,10,0,1,1,0,0,01-MAR-93,01-DEC-03,01-JUL-09,01-AUG-17,01-FEB-14,01-FEB-14,"N","JACKSON","Medford, OR","Y","Y","Y"
154662020,15466,2020,"OR0150600","OR0150600","","N","N",,"I","TALENT","TALENT","Talent","","A",41,"Oregon","OR","OR","9","Pacific","4","West","Region IV","City",6671,23387,"ORUCR0001","Oregon State Police Oregon Uniform Crime Reporting","Y",10,"6","Cities from 2,500 thru 9,999","6","Cities from 2,500 thru 9,999","N",2,"R","Y",6,0,6,1,2,3,0,0,01-MAR-93,01-DEC-03,01-JUL-09,01-AUG-17,01-FEB-14,01-FEB-14,"N","JACKSON","Medford, OR","Y","Y","Y"
154672020,15467,2020,"OR0150700","OR0150700","","N","N",,"I","EAGLE POINT","EAGLE POINT","Eagle Point","","A",41,"Oregon","OR","OR","9","Pacific","4","West","Region IV","City",9681,23387,"ORUCR0001","Oregon State Police Oregon Uniform Crime Reporting","Y",10,"6","Cities from 2,500 thru 9,999","6","Cities from 2,500 thru 9,999","N",2,"R","Y",9,0,9,2,1,3,0,0,01-MAR-93,01-JAN-02,01-JUL-09,01-AUG-17,01-FEB-14,01-FEB-14,"N","JACKSON","Medford, OR","Y","Y","Y"
154692020,15469,2020,"OR0150900","OR0150900","","N","N",,"I","ROGUE RIVER","ROGUE RIVER","Rogue River","","A",41,"Oregon","OR","OR","9","Pacific","4","West","Region IV","City",2355,23387,"ORUCR0001","Oregon State Police Oregon Uniform Crime Reporting","Y",11,"7","Cities under 2,500","7","Cities under 2,500","N",2,"R","Y",6,1,7,0,1,1,0,0,01-MAR-93,01-MAR-03,01-JUL-09,01-AUG-17,01-FEB-14,01-FEB-14,"N","JACKSON","Medford, OR","Y","Y","Y"
154722020,15472,2020,"OR015120X","OR0151200","","N","N",,"I","LIQUOR COMM: JACKSON CTY","LIQUOR COMM: JACKSON CTY","Liquor Commission:","Jackson County","A",41,"Oregon","OR","OR","9","Pacific","4","West","Region IV","Other State Agency",0,23387,"ORUCR0001","Oregon State Police Oregon Uniform Crime Reporting","Y",22,"9D","MSA counties under 10,000","9","MSA Counties","N",3,"R","Y",13,0,13,4,3,7,0,0,01-MAR-93,01-JAN-14,01-JAN-14,01-AUG-19,01-JAN-15,01-JAN-15,"N","JACKSON","Medford, OR","Y","Y","Y"
154732020,15473,2020,"OR015SP00","OR015SP00","","N","N",,"I","SP: JACKSON COUNTY","SP: JACKSON COUNTY","State Police:","Jackson County","A",41,"Oregon","OR","OR","9","Pacific","4","West","Region IV","State Police",0,23387,"ORUCR0001","Oregon State Police Oregon Uniform Crime Reporting","Y",22,"9D","MSA counties under 10,000","9","MSA Counties","N",3,"R","Y",40,18,58,3,32,35,0,0,01-MAR-93,01-FEB-14,01-AUG-15,01-AUG-17,01-AUG-15,01-AUG-15,"N","JACKSON","Medford, OR","Y","Y","Y"
154742020,15474,2020,"OR0160000","OR0160000","","N","N",,"I","JEFFERSON","JEFFERSON","Jefferson","","A",41,"Oregon","OR","OR","9","Pacific","4","West","Region IV","County",17752,23387,"ORUCR0001","Oregon State Police Oregon Uniform Crime Reporting","N",15,"8C","Non-MSA counties from 10,000 thru 24,999","8","Non-MSA Counties","N",3,"R","Y",16,16,32,1,6,7,0,0,01-MAR-93,01-JAN-13,01-OCT-14,01-SEP-17,01-OCT-14,01-OCT-14,"N","JEFFERSON","Non-MSA","Y","Y","Y"
154762020,15476,2020,"OR0160200","OR0160200","","N","N",,"I","MADRAS","MADRAS","Madras","","A",41,"Oregon","OR","OR","9","Pacific","4","West","Region IV","City",7140,23387,"ORUCR0001","Oregon State Police Oregon Uniform Crime Reporting","N",10,"6","Cities from 2,500 thru 9,999","6","Cities from 2,500 thru 9,999","N",2,"R","Y",10,1,11,0,0,0,0,0,01-MAR-93,01-MAR-13,01-SEP-13,01-AUG-17,01-SEP-14,01-SEP-14,"N","JEFFERSON","Non-MSA","Y","Y","Y"
154772020,15477,2020,"OR016060X","OR0160600","","N","N",,"I","LIQUOR COMM: JEFFERSON C","LIQUOR COMM: JEFFERSON C","Liquor Commission:","Jefferson County","A",41,"Oregon","OR","OR","9","Pacific","4","West","Region IV","Other State Agency",0,23387,"ORUCR0001","Oregon State Police Oregon Uniform Crime Reporting","N",16,"8D","Non-MSA counties under 10,000","8","Non-MSA Counties","N",3,"R","Y",0,0,0,0,0,0,0,0,01-MAR-93,01-JAN-14,01-JAN-14,,,,"N","JEFFERSON","Non-MSA","Y","Y","Y"
154782020,15478,2020,"OR016SP00","OR016SP00","","N","N",,"I","SP: JEFFERSON COUNTY","SP: JEFFERSON COUNTY","State Police:","Jefferson County","A",41,"Oregon","OR","OR","9","Pacific","4","West","Region IV","State Police",0,23387,"ORUCR0001","Oregon State Police Oregon Uniform Crime Reporting","N",16,"8D","Non-MSA counties under 10,000","8","Non-MSA Counties","N",3,"R","Y",8,0,8,0,0,0,0,0,01-MAR-93,01-APR-14,01-AUG-15,01-AUG-17,01-AUG-15,01-AUG-15,"N","JEFFERSON","Non-MSA","Y","Y","Y"
154792020,15479,2020,"OR0170000","OR0170000","","N","N",,"I","JOSEPHINE","JOSEPHINE","Josephine","","A",41,"Oregon","OR","OR","9","Pacific","4","West","Region IV","County",49157,23387,"ORUCR0001","Oregon State Police Oregon Uniform Crime Reporting","Y",20,"9B","MSA counties from 25,000 thru 99,999","9","MSA Counties","N",3,"R","Y",57,4,61,12,21,33,0,0,01-MAR-93,01-JAN-12,01-JAN-13,01-AUG-17,01-OCT-14,01-OCT-14,"N","JOSEPHINE","Grants Pass, OR","Y","Y","Y"
154802020,15480,2020,"OR0170100","OR0170100","","N","N",,"I","GRANTS PASS","GRANTS PASS","Grants Pass","","A",41,"Oregon","OR","OR","9","Pacific","4","West","Region IV","City",38420,23387,"ORUCR0001","Oregon State Police Oregon Uniform Crime Reporting","N",8,"4","Cities from 25,000 thru 49,999","4","Cities from 25,000 thru 49,999","N",2,"R","Y",51,7,58,6,28,34,0,0,01-MAR-93,01-JAN-12,01-JAN-13,01-AUG-17,01-JUN-14,01-JUN-14,"N","JOSEPHINE","Grants Pass, OR","Y","Y","Y"
154822020,15482,2020,"OR017030X","OR0170300","","N","N",,"I","LIQUOR COMM: JOSEPHINE C","LIQUOR COMM: JOSEPHINE C","Liquor Commission:","Josephine County","A",41,"Oregon","OR","OR","9","Pacific","4","West","Region IV","Other State Agency",0,23387,"ORUCR0001","Oregon State Police Oregon Uniform Crime Reporting","Y",22,"9D","MSA counties under 10,000","9","MSA Counties","N",3,"R","Y",0,0,0,0,0,0,0,0,01-MAR-93,01-JAN-14,01-AUG-17,01-AUG-17,01-AUG-17,01-AUG-17,"N","JOSEPHINE","Grants Pass, OR","Y","Y","Y"
154832020,15483,2020,"OR017SP00","OR017SP00","","N","N",,"I","SP: JOSEPHINE COUNTY","SP: JOSEPHINE COUNTY","State Police:","Josephine County","A",41,"Oregon","OR","OR","9","Pacific","4","West","Region IV","State Police",0,23387,"ORUCR0001","Oregon State Police Oregon Uniform Crime Reporting","Y",22,"9D","MSA counties under 10,000","9","MSA Counties","N",3,"R","Y",17,1,18,3,1,4,0,0,01-MAR-93,01-JAN-14,01-AUG-15,01-AUG-17,01-AUG-15,01-AUG-15,"N","JOSEPHINE","Grants Pass, OR","Y","Y","Y"
154842020,15484,2020,"OR0180000","OR0180000","","N","N",,"I","KLAMATH","KLAMATH","Klamath","","A",41,"Oregon","OR","OR","9","Pacific","4","West","Region IV","County",44587,23387,"ORUCR0001","Oregon State Police Oregon Uniform Crime Reporting","N",14,"8B","Non-MSA counties from 25,000 thru 99,999","8","Non-MSA Counties","N",3,"R","Y",32,36,68,2,29,31,0,0,01-MAR-93,01-DEC-18,01-DEC-18,01-FEB-19,01-FEB-19,01-FEB-19,"N","KLAMATH","Non-MSA","Y","Y","Y"
154852020,15485,2020,"OR0180100","OR0180100","","N","N",,"I","KLAMATH FALLS","KLAMATH FALLS","Klamath Falls","","A",41,"Oregon","OR","OR","9","Pacific","4","West","Region IV","City",22693,23387,"ORUCR0001","Oregon State Police Oregon Uniform Crime Reporting","N",9,"5","Cities from 10,000 thru 24,999","5","Cities from 10,000 thru 24,999","N",2,"R","Y",28,0,28,6,4,10,0,0,01-MAR-93,01-NOV-16,01-JUL-17,01-AUG-17,01-JUL-17,01-JUL-17,"N","KLAMATH","Non-MSA","Y","Y","Y"
154872020,15487,2020,"OR0180500","OR0180500","","N","N",,"I","MALIN","MALIN","Malin","","A",41,"Oregon","OR","OR","9","Pacific","4","West","Region IV","City",835,23387,"ORUCR0001","Oregon State Police Oregon Uniform Crime Reporting","N",11,"7","Cities under 2,500","7","Cities under 2,500","N",2,"R","Y",7,0,7,0,0,0,0,0,01-MAR-93,01-MAR-14,01-FEB-15,01-JAN-18,01-FEB-15,01-FEB-15,"N","KLAMATH","Non-MSA","Y","Y","Y"
154882020,15488,2020,"OR018060X","OR0180600","","N","N",,"I","LIQUOR COMM: KLAMATH CTY","LIQUOR COMM: KLAMATH CTY","Liquor Commission:","Klamath County","A",41,"Oregon","OR","OR","9","Pacific","4","West","Region IV","Other State Agency",0,23387,"ORUCR0001","Oregon State Police Oregon Uniform Crime Reporting","N",16,"8D","Non-MSA counties under 10,000","8","Non-MSA Counties","N",3,"R","Y",1,0,1,0,0,0,0,0,01-MAR-93,01-JAN-14,01-SEP-18,01-SEP-18,01-SEP-18,01-SEP-18,"N","KLAMATH","Non-MSA","Y","Y","Y"
154892020,15489,2020,"OR018SP00","OR018SP00","","N","N",,"I","SP: KLAMATH COUNTY","SP: KLAMATH COUNTY","State Police:","Klamath County","A",41,"Oregon","OR","OR","9","Pacific","4","West","Region IV","State Police",0,23387,"ORUCR0001","Oregon State Police Oregon Uniform Crime Reporting","N",16,"8D","Non-MSA counties under 10,000","8","Non-MSA Counties","N",3,"R","Y",25,1,26,2,2,4,0,0,01-MAR-93,01-JAN-14,01-AUG-15,01-AUG-17,01-AUG-15,01-AUG-15,"N","KLAMATH","Non-MSA","Y","Y","Y"
154902020,15490,2020,"OR0190000","OR0190000","","N","N",,"I","LAKE","LAKE","Lake","","A",41,"Oregon","OR","OR","9","Pacific","4","West","Region IV","County",7830,23387,"ORUCR0001","Oregon State Police Oregon Uniform Crime Reporting","N",16,"8D","Non-MSA counties under 10,000","8","Non-MSA Counties","N",3,"R","Y",16,0,16,4,1,5,0,0,01-MAR-93,01-JAN-17,01-JAN-17,01-MAY-18,01-MAY-18,01-MAY-18,"N","LAKE","Non-MSA","Y","Y","Y"
154932020,15493,2020,"OR019SP00","OR019SP00","","N","N",,"I","SP: LAKE COUNTY","SP: LAKE COUNTY","State Police:","Lake County","A",41,"Oregon","OR","OR","9","Pacific","4","West","Region IV","State Police",0,23387,"ORUCR0001","Oregon State Police Oregon Uniform Crime Reporting","N",16,"8D","Non-MSA counties under 10,000","8","Non-MSA Counties","N",3,"R","Y",6,0,6,0,0,0,0,0,01-MAR-93,01-FEB-14,01-AUG-15,01-AUG-17,01-AUG-15,01-AUG-15,"N","LAKE","Non-MSA","Y","Y","Y"
154952020,15495,2020,"OR0200100","OR0200100","","N","N",,"I","COTTAGE GROVE","COTTAGE GROVE","Cottage Grove","","A",41,"Oregon","OR","OR","9","Pacific","4","West","Region IV","City",10556,23387,"ORUCR0001","Oregon State Police Oregon Uniform Crime Reporting","Y",9,"5","Cities from 10,000 thru 24,999","5","Cities from 10,000 thru 24,999","N",2,"R","Y",15,5,20,2,10,12,0,0,01-MAR-93,01-OCT-17,01-NOV-16,01-AUG-17,01-NOV-16,01-NOV-16,"N","LANE","Eugene-Springfield, OR","Y","Y","Y"
154962020,15496,2020,"OR0200200","OR0200200","","N","N",,"I","EUGENE","EUGENE","Eugene","","A",41,"Oregon","OR","OR","9","Pacific","4","West","Region IV","City",174513,23387,"ORUCR0001","Oregon State Police Oregon Uniform Crime Reporting","N",6,"2","Cities from 100,000 thru 249,999","2","Cities from 100,000 thru 249,999","Y",1,"R","Y",176,35,211,21,85,106,0,0,01-MAR-93,01-NOV-13,01-JAN-14,01-AUG-17,01-JAN-15,01-JAN-15,"N","LANE","Eugene-Springfield, OR","Y","Y","Y"
154972020,15497,2020,"OR0200300","OR0200300","","N","N",,"I","FLORENCE","FLORENCE","Florence","","A",41,"Oregon","OR","OR","9","Pacific","4","West","Region IV","City",9228,23387,"ORUCR0001","Oregon State Police Oregon Uniform Crime Reporting","Y",10,"6","Cities from 2,500 thru 9,999","6","Cities from 2,500 thru 9,999","N",2,"R","Y",14,1,15,2,6,8,0,0,01-MAR-93,01-JAN-17,01-FEB-17,01-AUG-17,01-FEB-17,01-FEB-17,"N","LANE","Eugene-Springfield, OR","Y","Y","Y"
154982020,15498,2020,"OR0200400","OR0200400","","N","N",,"I","JUNCTION CITY","JUNCTION CITY","Junction City","","A",41,"Oregon","OR","OR","9","Pacific","4","West","Region IV","City",6333,23387,"ORUCR0001","Oregon State Police Oregon Uniform Crime Reporting","Y",10,"6","Cities from 2,500 thru 9,999","6","Cities from 2,500 thru 9,999","N",2,"R","Y",9,3,12,1,3,4,0,0,01-MAR-93,01-JAN-17,01-FEB-17,01-NOV-17,01-FEB-17,01-FEB-17,"N","LANE","Eugene-Springfield, OR","Y","Y","Y"
154992020,15499,2020,"OR0200500","OR0200500","","N","N",,"I","OAKRIDGE","OAKRIDGE","Oakridge","","A",41,"Oregon","OR","OR","9","Pacific","4","West","Region IV","City",3389,23387,"ORUCR0001","Oregon State Police Oregon Uniform Crime Reporting","Y",10,"6","Cities from 2,500 thru 9,999","6","Cities from 2,500 thru 9,999","N",2,"R","Y",4,0,4,1,1,2,0,0,01-MAR-93,01-APR-18,01-APR-18,01-APR-18,01-APR-18,01-APR-18,"N","LANE","Eugene-Springfield, OR","Y","Y","Y"
155002020,15500,2020,"OR0200600","OR0200600","","N","N",,"I","SPRINGFIELD","SPRINGFIELD","Springfield","","A",41,"Oregon","OR","OR","9","Pacific","4","West","Region IV","City",63666,23387,"ORUCR0001","Oregon State Police Oregon Uniform Crime Reporting","N",7,"3","Cities from 50,000 thru 99,999","3","Cities from 50,000 thru 99,999","N",2,"R","Y",54,5,59,6,28,34,0,0,01-MAR-93,01-NOV-13,01-JAN-14,01-AUG-17,01-MAR-14,01-MAR-14,"N","LANE","Eugene-Springfield, OR","Y","Y","Y"
155012020,15501,2020,"OR0200700","OR0200700","","N","N",,"I","COBURG","COBURG","Coburg","","A",41,"Oregon","OR","OR","9","Pacific","4","West","Region IV","City",1187,23387,"ORUCR0001","Oregon State Police Oregon Uniform Crime Reporting","Y",11,"7","Cities under 2,500","7","Cities under 2,500","N",2,"R","Y",4,1,5,0,0,0,0,0,01-MAR-93,01-JUN-17,01-OCT-17,01-OCT-17,01-OCT-17,01-OCT-17,"N","LANE","Eugene-Springfield, OR","Y","Y","Y"
155042020,15504,2020,"OR020110X","OR0201100","","N","N",,"I","LIQUOR COMM: LANE COUNTY","LIQUOR COMM: LANE COUNTY","Liquor Commission:","Lane County","A",41,"Oregon","OR","OR","9","Pacific","4","West","Region IV","Other State Agency",0,23387,"ORUCR0001","Oregon State Police Oregon Uniform Crime Reporting","Y",22,"9D","MSA counties under 10,000","9","MSA Counties","N",3,"R","Y",8,0,8,3,1,4,0,0,01-MAR-93,01-NOV-13,01-APR-14,01-MAR-18,01-APR-14,01-APR-14,"N","LANE","Eugene-Springfield, OR","Y","Y","Y"
155062020,15506,2020,"OR020SP00","OR020SP00","","N","N",,"I","SP: LANE COUNTY","SP: LANE COUNTY","State Police:","Lane County","A",41,"Oregon","OR","OR","9","Pacific","4","West","Region IV","State Police",0,23387,"ORUCR0001","Oregon State Police Oregon Uniform Crime Reporting","Y",22,"9D","MSA counties under 10,000","9","MSA Counties","N",3,"R","Y",41,10,51,6,17,23,0,0,01-MAR-93,01-FEB-14,01-AUG-15,01-AUG-17,01-AUG-15,01-AUG-15,"N","LANE","Eugene-Springfield, OR","Y","Y","Y"
155072020,15507,2020,"OR0210000","OR0210000","","N","N",,"I","LINCOLN","LINCOLN","Lincoln","","A",41,"Oregon","OR","OR","9","Pacific","4","West","Region IV","County",26282,23387,"ORUCR0001","Oregon State Police Oregon Uniform Crime Reporting","N",14,"8B","Non-MSA counties from 25,000 thru 99,999","8","Non-MSA Counties","N",3,"R","Y",25,35,60,4,25,29,0,0,01-MAR-93,01-JUL-02,01-JAN-09,01-OCT-17,01-FEB-14,01-FEB-14,"N","LINCOLN","Non-MSA","Y","Y","Y"
155082020,15508,2020,"OR0210100","OR0210100","","N","N",,"I","LINCOLN CITY","LINCOLN CITY","Lincoln City","","A",41,"Oregon","OR","OR","9","Pacific","4","West","Region IV","City",9275,23387,"ORUCR0001","Oregon State Police Oregon Uniform Crime Reporting","N",10,"6","Cities from 2,500 thru 9,999","6","Cities from 2,500 thru 9,999","N",2,"R","Y",22,6,28,2,8,10,0,0,01-MAR-93,01-NOV-03,01-JUL-09,01-AUG-17,01-FEB-14,01-FEB-14,"N","LINCOLN","Non-MSA","Y","Y","Y"
155092020,15509,2020,"OR0210200","OR0210200","","N","N",,"I","NEWPORT","NEWPORT","Newport","","A",41,"Oregon","OR","OR","9","Pacific","4","West","Region IV","City",10950,23387,"ORUCR0001","Oregon State Police Oregon Uniform Crime Reporting","N",9,"5","Cities from 10,000 thru 24,999","5","Cities from 10,000 thru 24,999","N",2,"R","Y",20,1,21,1,6,7,0,0,01-MAR-93,01-FEB-02,01-JAN-09,01-APR-18,01-FEB-14,01-FEB-14,"N","LINCOLN","Non-MSA","Y","Y","Y"
155102020,15510,2020,"OR0210300","OR0210300","","N","N",,"I","TOLEDO","TOLEDO","Toledo","","A",41,"Oregon","OR","OR","9","Pacific","4","West","Region IV","City",3665,23387,"ORUCR0001","Oregon State Police Oregon Uniform Crime Reporting","N",10,"6","Cities from 2,500 thru 9,999","6","Cities from 2,500 thru 9,999","N",2,"R","Y",7,0,7,0,6,6,0,0,01-MAR-93,01-JAN-10,01-JAN-10,01-JUL-19,01-FEB-14,01-FEB-14,"N","LINCOLN","Non-MSA","Y","Y","Y"
155122020,15512,2020,"OR021050X","OR0210500","","N","N",,"I","LIQUOR COMM: LINCOLN CTY","LIQUOR COMM: LINCOLN CTY","Liquor Commission:","Lincoln County","A",41,"Oregon","OR","OR","9","Pacific","4","West","Region IV","Other State Agency",0,23387,"ORUCR0001","Oregon State Police Oregon Uniform Crime Reporting","N",16,"8D","Non-MSA counties under 10,000","8","Non-MSA Counties","N",3,"R","Y",1,0,1,0,1,1,0,0,01-MAR-93,01-FEB-16,01-FEB-16,,01-FEB-16,01-FEB-16,"N","LINCOLN","Non-MSA","Y","Y","Y"
155132020,15513,2020,"OR021SP00","OR021SP00","","N","N",,"I","SP: LINCOLN COUNTY","SP: LINCOLN COUNTY","State Police:","Lincoln County","A",41,"Oregon","OR","OR","9","Pacific","4","West","Region IV","State Police",0,23387,"ORUCR0001","Oregon State Police Oregon Uniform Crime Reporting","N",16,"8D","Non-MSA counties under 10,000","8","Non-MSA Counties","N",3,"R","Y",13,0,13,2,2,4,0,0,01-MAR-93,01-JAN-14,01-AUG-15,01-AUG-17,01-AUG-15,01-AUG-15,"N","LINCOLN","Non-MSA","Y","Y","Y"
155142020,15514,2020,"OR0220000","OR0220000","","N","N",,"I","LINN","LINN","Linn","","A",41,"Oregon","OR","OR","9","Pacific","4","West","Region IV","County",54548,23387,"ORUCR0001","Oregon State Police Oregon Uniform Crime Reporting","Y",20,"9B","MSA counties from 25,000 thru 99,999","9","MSA Counties","N",3,"R","Y",69,57,126,5,46,51,0,0,01-MAR-93,01-APR-17,01-APR-17,01-APR-17,01-APR-17,01-APR-17,"N","LINN","Albany-Lebanon, OR","Y","Y","Y"
155152020,15515,2020,"OR0220100","OR0220100","","N","N",,"I","ALBANY","ALBANY","Albany","","A",41,"Oregon","OR","OR","9","Pacific","4","West","Region IV","City",55926,23387,"ORUCR0001","Oregon State Police Oregon Uniform Crime Reporting","N",7,"3","Cities from 50,000 thru 99,999","3","Cities from 50,000 thru 99,999","N",2,"R","Y",48,10,58,8,23,31,0,0,01-MAR-93,01-JUL-16,01-JUL-16,01-AUG-17,01-MAY-17,01-MAY-17,"N","BENTON; LINN","Albany-Lebanon, OR; Corvallis, OR","Y","Y","Y"
155162020,15516,2020,"OR0220300","OR0220300","","N","N",,"I","LEBANON","LEBANON","Lebanon","","A",41,"Oregon","OR","OR","9","Pacific","4","West","Region IV","City",17635,23387,"ORUCR0001","Oregon State Police Oregon Uniform Crime Reporting","N",9,"5","Cities from 10,000 thru 24,999","5","Cities from 10,000 thru 24,999","N",2,"R","Y",25,3,28,2,10,12,0,0,01-MAR-93,01-JAN-06,01-JUL-09,01-AUG-17,01-FEB-14,01-FEB-14,"N","LINN","Albany-Lebanon, OR","Y","Y","Y"
155172020,15517,2020,"OR0220400","OR0220400","","N","N",,"I","SWEET HOME","SWEET HOME","Sweet Home","","A",41,"Oregon","OR","OR","9","Pacific","4","West","Region IV","City",10099,23387,"ORUCR0001","Oregon State Police Oregon Uniform Crime Reporting","Y",9,"5","Cities from 10,000 thru 24,999","5","Cities from 10,000 thru 24,999","N",2,"R","Y",13,2,15,1,5,6,0,0,01-MAR-93,01-JAN-17,01-JUN-17,01-JAN-18,01-JUN-17,01-JUN-17,"N","LINN","Albany-Lebanon, OR","Y","Y","Y"
155212020,15521,2020,"OR022SP00","OR022SP00","","N","N",,"I","SP: LINN COUNTY","SP: LINN COUNTY","State Police:","Linn County","A",41,"Oregon","OR","OR","9","Pacific","4","West","Region IV","State Police",0,23387,"ORUCR0001","Oregon State Police Oregon Uniform Crime Reporting","Y",22,"9D","MSA counties under 10,000","9","MSA Counties","N",3,"R","Y",17,1,18,1,2,3,0,0,01-MAR-93,01-JAN-14,01-AUG-15,01-OCT-17,01-AUG-15,01-AUG-15,"N","LINN","Albany-Lebanon, OR","Y","Y","Y"
155222020,15522,2020,"OR0230000","OR0230000","","N","N",,"I","MALHEUR","MALHEUR","Malheur","","A",41,"Oregon","OR","OR","9","Pacific","4","West","Region IV","County",16206,23387,"ORUCR0001","Oregon State Police Oregon Uniform Crime Reporting","N",15,"8C","Non-MSA counties from 10,000 thru 24,999","8","Non-MSA Counties","N",3,"R","Y",41,1,42,9,13,22,0,0,01-MAR-93,01-JAN-18,01-JAN-18,01-JAN-19,01-JAN-19,01-JAN-19,"N","MALHEUR","Non-MSA","Y","Y","Y"
155232020,15523,2020,"OR0230100","OR0230100","","N","N",,"I","NYSSA","NYSSA","Nyssa","","A",41,"Oregon","OR","OR","9","Pacific","4","West","Region IV","City",3176,23387,"ORUCR0001","Oregon State Police Oregon Uniform Crime Reporting","N",10,"6","Cities from 2,500 thru 9,999","6","Cities from 2,500 thru 9,999","N",2,"R","Y",7,0,7,0,0,0,0,0,01-MAR-93,01-MAR-18,01-MAR-18,01-FEB-19,01-FEB-19,01-FEB-19,"N","MALHEUR","Non-MSA","Y","Y","Y"
155242020,15524,2020,"OR0230200","OR0230200","","N","N",,"I","ONTARIO","ONTARIO","Ontario","","A",41,"Oregon","OR","OR","9","Pacific","4","West","Region IV","City",10952,23387,"ORUCR0001","Oregon State Police Oregon Uniform Crime Reporting","N",9,"5","Cities from 10,000 thru 24,999","5","Cities from 10,000 thru 24,999","N",2,"R","Y",23,3,26,1,2,3,0,0,01-MAR-93,01-JAN-17,01-FEB-17,01-JAN-18,01-FEB-17,01-FEB-17,"N","MALHEUR","Non-MSA","Y","Y","Y"
155272020,15527,2020,"OR023SP00","OR023SP00","","N","N",,"I","SP: MALHEUR COUNTY","SP: MALHEUR COUNTY","State Police:","Malheur County","A",41,"Oregon","OR","OR","9","Pacific","4","West","Region IV","State Police",0,23387,"ORUCR0001","Oregon State Police Oregon Uniform Crime Reporting","N",16,"8D","Non-MSA counties under 10,000","8","Non-MSA Counties","N",3,"R","Y",23,2,25,3,2,5,0,0,01-MAR-93,01-MAR-14,01-AUG-15,01-OCT-17,01-AUG-15,01-AUG-15,"N","MALHEUR","Non-MSA","Y","Y","Y"
155302020,15530,2020,"OR0240200","OR0240200","","N","N",,"I","SALEM","SALEM","Salem","","A",41,"Oregon","OR","OR","9","Pacific","4","West","Region IV","City",176632,23387,"ORUCR0001","Oregon State Police Oregon Uniform Crime Reporting","N",6,"2","Cities from 100,000 thru 249,999","2","Cities from 100,000 thru 249,999","Y",1,"R","Y",171,43,214,18,104,122,0,0,01-MAR-93,01-OCT-03,01-JAN-09,01-AUG-17,01-FEB-14,01-FEB-14,"N","POLK; MARION","Salem, OR","Y","Y","Y"
155312020,15531,2020,"OR0240300","OR0240300","","N","N",,"I","SILVERTON","SILVERTON","Silverton","","A",41,"Oregon","OR","OR","9","Pacific","4","West","Region IV","City",10782,23387,"ORUCR0001","Oregon State Police Oregon Uniform Crime Reporting","Y",9,"5","Cities from 10,000 thru 24,999","5","Cities from 10,000 thru 24,999","N",2,"R","Y",15,1,16,1,2,3,0,0,01-MAR-93,01-JAN-03,01-JUL-09,01-SEP-17,01-FEB-14,01-FEB-14,"N","MARION","Salem, OR","Y","Y","Y"
155322020,15532,2020,"OR0240400","OR0240400","","N","N",,"I","STAYTON","STAYTON","Stayton","","A",41,"Oregon","OR","OR","9","Pacific","4","West","Region IV","City",8364,23387,"ORUCR0001","Oregon State Police Oregon Uniform Crime Reporting","Y",10,"6","Cities from 2,500 thru 9,999","6","Cities from 2,500 thru 9,999","N",2,"R","Y",10,0,10,2,1,3,0,0,01-MAR-93,01-JAN-04,01-JUL-09,01-AUG-17,01-FEB-14,01-FEB-14,"N","MARION","Salem, OR","Y","Y","Y"
155332020,15533,2020,"OR0240500","OR0240500","","N","N",,"I","WOODBURN","WOODBURN","Woodburn","","A",41,"Oregon","OR","OR","9","Pacific","4","West","Region IV","City",26521,23387,"ORUCR0001","Oregon State Police Oregon Uniform Crime Reporting","Y",8,"4","Cities from 25,000 thru 49,999","4","Cities from 25,000 thru 49,999","N",2,"R","Y",28,5,33,4,4,8,0,0,01-MAR-93,01-JAN-03,01-JUL-09,01-AUG-17,01-MAR-14,01-MAR-14,"N","MARION","Salem, OR","Y","Y","Y"
155342020,15534,2020,"OR0240600","OR0240600","","N","N",,"I","GERVAIS","GERVAIS","Gervais","","A",41,"Oregon","OR","OR","9","Pacific","4","West","Region IV","City",2795,23387,"ORUCR0001","Oregon State Police Oregon Uniform Crime Reporting","Y",10,"6","Cities from 2,500 thru 9,999","6","Cities from 2,500 thru 9,999","N",2,"R","Y",3,0,3,2,1,3,0,0,01-MAR-93,01-DEC-03,01-JUL-09,01-AUG-17,01-FEB-14,01-FEB-14,"N","MARION","Salem, OR","Y","Y","Y"
155352020,15535,2020,"OR0240700","OR0240700","","N","N",,"I","HUBBARD","HUBBARD","Hubbard","","A",41,"Oregon","OR","OR","9","Pacific","4","West","Region IV","City",3615,23387,"ORUCR0001","Oregon State Police Oregon Uniform Crime Reporting","Y",10,"6","Cities from 2,500 thru 9,999","6","Cities from 2,500 thru 9,999","N",2,"R","Y",6,0,6,0,1,1,0,0,01-MAR-93,01-NOV-03,01-JUL-09,01-FEB-18,01-FEB-14,01-FEB-14,"N","MARION","Salem, OR","Y","Y","Y"
155362020,15536,2020,"OR0240800","OR0240800","","N","N",,"I","MOUNT ANGEL","MOUNT ANGEL","Mount Angel","","A",41,"Oregon","OR","OR","9","Pacific","4","West","Region IV","City",3647,23387,"ORUCR0001","Oregon State Police Oregon Uniform Crime Reporting","Y",10,"6","Cities from 2,500 thru 9,999","6","Cities from 2,500 thru 9,999","N",2,"R","Y",6,0,6,0,2,2,0,0,01-MAR-93,01-JAN-03,01-JUL-09,01-AUG-17,01-MAR-14,01-MAR-14,"N","MARION","Salem, OR","Y","Y","Y"
155382020,15538,2020,"OR0241000","OR0241000","","N","N",,"I","TURNER","TURNER","Turner","","A",41,"Oregon","OR","OR","9","Pacific","4","West","Region IV","City",2153,23387,"ORUCR0001","Oregon State Police Oregon Uniform Crime Reporting","Y",11,"7","Cities under 2,500","7","Cities under 2,500","N",2,"R","Y",2,0,2,0,0,0,0,0,01-MAR-93,01-AUG-04,01-AUG-04,01-AUG-20,01-FEB-14,01-FEB-14,"N","MARION","Salem, OR","Y","Y","Y"
155402020,15540,2020,"OR0241200","OR0241200","","N","N",,"I","AUMSVILLE","AUMSVILLE","Aumsville","","A",41,"Oregon","OR","OR","9","Pacific","4","West","Region IV","City",4249,23387,"ORUCR0001","Oregon State Police Oregon Uniform Crime Reporting","Y",10,"6","Cities from 2,500 thru 9,999","6","Cities from 2,500 thru 9,999","N",2,"R","Y",7,0,7,0,1,1,0,0,01-MAR-93,01-DEC-04,01-JUL-09,01-AUG-17,01-FEB-14,01-FEB-14,"N","MARION","Salem, OR","Y","Y","Y"
155432020,15543,2020,"OR024160X","OR0241600","","N","N",,"I","LIQUOR COMM: MARION CNTY","LIQUOR COMM: MARION CNTY","Liquor Commission:","Marion County","A",41,"Oregon","OR","OR","9","Pacific","4","West","Region IV","Other State Agency",0,23387,"ORUCR0001","Oregon State Police Oregon Uniform Crime Reporting","Y",22,"9D","MSA counties under 10,000","9","MSA Counties","N",3,"R","Y",3,0,3,4,1,5,0,0,01-MAR-93,01-JAN-14,01-JUL-18,01-JUL-18,01-JUL-18,01-JUL-18,"N","MARION","Salem, OR","Y","Y","Y"
155442020,15544,2020,"OR0241700","OR0241700","","N","N",,"I","KEIZER","KEIZER","Keizer","","A",41,"Oregon","OR","OR","9","Pacific","4","West","Region IV","City",40087,23387,"ORUCR0001","Oregon State Police Oregon Uniform Crime Reporting","Y",8,"4","Cities from 25,000 thru 49,999","4","Cities from 25,000 thru 49,999","N",2,"R","Y",38,0,38,2,7,9,0,0,01-MAR-93,01-NOV-03,01-JUL-09,01-AUG-17,01-FEB-14,01-FEB-14,"N","MARION","Salem, OR","Y","Y","Y"
155452020,15545,2020,"OR024SP00","OR024SP00","","N","N",,"I","SP: MARION COUNTY","SP: MARION COUNTY","State Police:","Marion County","A",41,"Oregon","OR","OR","9","Pacific","4","West","Region IV","State Police",0,23387,"ORUCR0001","Oregon State Police Oregon Uniform Crime Reporting","Y",22,"9D","MSA counties under 10,000","9","MSA Counties","N",3,"R","Y",137,122,259,14,237,251,0,0,01-MAR-93,01-FEB-14,01-AUG-15,01-OCT-17,01-AUG-15,01-AUG-15,"N","MARION","Salem, OR","Y","Y","Y"
155462020,15546,2020,"OR0250000","OR0250000","","N","N",,"I","MORROW","MORROW","Morrow","","A",41,"Oregon","OR","OR","9","Pacific","4","West","Region IV","County",7779,23387,"ORUCR0001","Oregon State Police Oregon Uniform Crime Reporting","N",16,"8D","Non-MSA counties under 10,000","8","Non-MSA Counties","N",3,"R","Y",25,1,26,2,11,13,0,0,01-MAR-93,01-DEC-04,01-JUL-09,01-NOV-17,01-FEB-14,01-FEB-14,"N","MORROW","Non-MSA","Y","Y","Y"
155492020,15549,2020,"OR0250400","OR0250400","","N","N",,"I","BOARDMAN","BOARDMAN","Boardman","","A",41,"Oregon","OR","OR","9","Pacific","4","West","Region IV","City",3811,23387,"ORUCR0001","Oregon State Police Oregon Uniform Crime Reporting","N",10,"6","Cities from 2,500 thru 9,999","6","Cities from 2,500 thru 9,999","N",2,"R","Y",11,1,12,1,0,1,0,0,01-MAR-93,01-JAN-05,01-JUL-09,01-AUG-17,01-MAR-14,01-MAR-14,"N","MORROW","Non-MSA","Y","Y","Y"
155522020,15552,2020,"OR025SP00","OR025SP00","","N","N",,"I","SP: MORROW COUNTY","SP: MORROW COUNTY","State Police:","Morrow County","A",41,"Oregon","OR","OR","9","Pacific","4","West","Region IV","State Police",0,23387,"ORUCR0001","Oregon State Police Oregon Uniform Crime Reporting","N",16,"8D","Non-MSA counties under 10,000","8","Non-MSA Counties","N",3,"R","Y",0,0,0,0,0,0,0,0,01-MAR-93,01-JAN-14,01-AUG-15,01-OCT-17,01-AUG-15,01-AUG-15,"N","MORROW","Non-MSA","Y","Y","Y"
155532020,15553,2020,"OR0260000","OR0260000","","N","N",,"I","MULTNOMAH","MULTNOMAH","Multnomah","","A",41,"Oregon","OR","OR","9","Pacific","4","West","Region IV","County",44941,23387,"ORUCR0001","Oregon State Police Oregon Uniform Crime Reporting","Y",20,"9B","MSA counties from 25,000 thru 99,999","9","MSA Counties","N",3,"R","Y",117,439,556,14,206,220,0,0,01-MAR-93,01-JAN-15,01-JAN-17,01-JAN-17,01-JAN-17,01-JAN-17,"N","MULTNOMAH","Portland-Vancouver-Hillsboro, OR-WA","Y","Y","Y"
155542020,15554,2020,"OR0260100","OR0260100","","N","N",,"I","GRESHAM","GRESHAM","Gresham","","A",41,"Oregon","OR","OR","9","Pacific","4","West","Region IV","City",109767,23387,"ORUCR0001","Oregon State Police Oregon Uniform Crime Reporting","N",6,"2","Cities from 100,000 thru 249,999","2","Cities from 100,000 thru 249,999","Y",1,"R","Y",118,4,122,9,24,33,0,0,01-MAR-93,01-JUN-15,01-JAN-17,01-JAN-17,01-JAN-17,01-JAN-17,"N","MULTNOMAH","Portland-Vancouver-Hillsboro, OR-WA","Y","Y","Y"
155552020,15555,2020,"OR0260200","OR0260200","","N","N",,"I","PORTLAND","PORTLAND","Portland","","A",41,"Oregon","OR","OR","9","Pacific","4","West","Region IV","City",662941,23387,"ORUCR0001","Oregon State Police Oregon Uniform Crime Reporting","N",4,"1B","Cities from 500,000 thru 999,999","1","All cities 250,000 or over","Y",1,"R","Y",731,98,829,142,161,303,0,0,01-MAR-93,01-MAY-15,01-JAN-17,01-JAN-17,01-JAN-17,01-JAN-17,"N","CLACKAMAS; WASHINGTON; MULTNOMAH","Portland-Vancouver-Hillsboro, OR-WA","Y","Y","Y"
155562020,15556,2020,"OR0260300","OR0260300","","N","N",,"I","PORT OF PORTLAND","PORT OF PORTLAND","Port of Portland","","A",41,"Oregon","OR","OR","9","Pacific","4","West","Region IV","Other",0,23387,"ORUCR0001","Oregon State Police Oregon Uniform Crime Reporting","Y",11,"7","Cities under 2,500","7","Cities under 2,500","N",2,"R","Y",45,6,51,7,12,19,0,0,01-MAR-93,01-APR-15,01-JAN-17,01-JAN-17,01-JAN-17,01-JAN-17,"N","MULTNOMAH","Portland-Vancouver-Hillsboro, OR-WA","Y","Y","Y"
155602020,15560,2020,"OR026140X","OR0261400","","N","N",,"I","LIQUOR COMM: MULTNOMAH C","LIQUOR COMM: MULTNOMAH C","Liquor Commission:","Multnomah County","A",41,"Oregon","OR","OR","9","Pacific","4","West","Region IV","Other State Agency",0,23387,"ORUCR0001","Oregon State Police Oregon Uniform Crime Reporting","Y",22,"9D","MSA counties under 10,000","9","MSA Counties","N",3,"R","Y",19,0,19,10,1,11,0,0,01-MAR-93,01-JAN-14,01-FEB-14,01-OCT-17,01-FEB-14,01-FEB-14,"N","MULTNOMAH","Portland-Vancouver-Hillsboro, OR-WA","Y","Y","Y"
155612020,15561,2020,"OR0261800","OR0261800","","N","N",,"I","PORTLAND STATE UNIVERSIT","PORTLAND STATE UNIVERSITY","Portland State University","","A",41,"Oregon","OR","OR","9","Pacific","4","West","Region IV","University or College",0,23387,"ORUCR0001","Oregon State Police Oregon Uniform Crime Reporting","Y",11,"7","Cities under 2,500","7","Cities under 2,500","N",2,"R","Y",11,7,18,1,8,9,0,0,01-MAR-93,01-APR-15,01-FEB-17,01-FEB-17,01-FEB-17,01-FEB-17,"N","MULTNOMAH","Portland-Vancouver-Hillsboro, OR-WA","Y","Y","Y"
155622020,15562,2020,"OR026SP00","OR026SP00","","N","N",,"I","SP: MULTNOMAH COUNTY","SP: MULTNOMAH COUNTY","State Police:","Multnomah County","A",41,"Oregon","OR","OR","9","Pacific","4","West","Region IV","State Police",0,23387,"ORUCR0001","Oregon State Police Oregon Uniform Crime Reporting","Y",22,"9D","MSA counties under 10,000","9","MSA Counties","N",3,"R","Y",0,0,0,0,0,0,0,0,01-MAR-93,01-JAN-14,01-AUG-15,01-OCT-17,01-AUG-15,01-AUG-15,"N","MULTNOMAH","Portland-Vancouver-Hillsboro, OR-WA","Y","Y","Y"
155632020,15563,2020,"OR0270000","OR0270000","","N","N",,"I","POLK","POLK","Polk","","A",41,"Oregon","OR","OR","9","Pacific","4","West","Region IV","County",19996,23387,"ORUCR0001","Oregon State Police Oregon Uniform Crime Reporting","Y",21,"9C","MSA counties from 10,000 thru 24,999","9","MSA Counties","N",3,"R","Y",28,1,29,1,7,8,0,0,01-MAR-93,01-OCT-03,01-JUL-09,01-AUG-17,01-FEB-14,01-FEB-14,"N","POLK","Salem, OR","Y","Y","Y"
155642020,15564,2020,"OR0270100","OR0270100","","N","N",,"I","DALLAS","DALLAS","Dallas","","A",41,"Oregon","OR","OR","9","Pacific","4","West","Region IV","City",17265,23387,"ORUCR0001","Oregon State Police Oregon Uniform Crime Reporting","Y",9,"5","Cities from 10,000 thru 24,999","5","Cities from 10,000 thru 24,999","N",2,"R","Y",7,0,7,3,5,8,0,0,01-MAR-93,01-NOV-03,01-JUL-09,01-AUG-17,01-FEB-14,01-FEB-14,"N","POLK","Salem, OR","Y","Y","Y"
155652020,15565,2020,"OR0270200","OR0270200","","N","N",,"I","INDEPENDENCE","INDEPENDENCE","Independence","","A",41,"Oregon","OR","OR","9","Pacific","4","West","Region IV","City",10477,23387,"ORUCR0001","Oregon State Police Oregon Uniform Crime Reporting","Y",9,"5","Cities from 10,000 thru 24,999","5","Cities from 10,000 thru 24,999","N",2,"R","Y",13,2,15,2,3,5,0,0,01-MAR-93,01-OCT-03,01-JUL-09,01-AUG-17,01-FEB-14,01-FEB-14,"N","POLK","Salem, OR","Y","Y","Y"
155662020,15566,2020,"OR0270300","OR0270300","","N","N",,"I","MONMOUTH","MONMOUTH","Monmouth","","A",41,"Oregon","OR","OR","9","Pacific","4","West","Region IV","City",10708,23387,"ORUCR0001","Oregon State Police Oregon Uniform Crime Reporting","Y",9,"5","Cities from 10,000 thru 24,999","5","Cities from 10,000 thru 24,999","N",2,"R","Y",13,0,13,1,1,2,0,0,01-MAR-93,01-DEC-03,01-JUL-09,01-AUG-17,01-FEB-14,01-FEB-14,"N","POLK","Salem, OR","Y","Y","Y"
155682020,15568,2020,"OR027050X","OR0270500","","N","N",,"I","LIQUOR COMM: POLK COUNTY","LIQUOR COMM: POLK COUNTY","Liquor Commission:","Polk County","A",41,"Oregon","OR","OR","9","Pacific","4","West","Region IV","Other State Agency",0,23387,"ORUCR0001","Oregon State Police Oregon Uniform Crime Reporting","Y",22,"9D","MSA counties under 10,000","9","MSA Counties","N",3,"R","Y",0,0,0,0,0,0,0,0,01-MAR-93,01-DEC-16,01-DEC-16,,01-JAN-17,01-JAN-17,"N","POLK","Salem, OR","Y","Y","Y"
155692020,15569,2020,"OR027SP00","OR027SP00","","N","N",,"I","SP: POLK COUNTY","SP: POLK COUNTY","State Police:","Polk County","A",41,"Oregon","OR","OR","9","Pacific","4","West","Region IV","State Police",0,23387,"ORUCR0001","Oregon State Police Oregon Uniform Crime Reporting","Y",22,"9D","MSA counties under 10,000","9","MSA Counties","N",3,"R","Y",0,1,1,0,0,0,0,0,01-MAR-93,01-JAN-14,01-AUG-15,01-OCT-17,01-AUG-15,01-AUG-15,"N","POLK","Salem, OR","Y","Y","Y"
155702020,15570,2020,"OR0280000","OR0280000","","N","N",,"I","SHERMAN","SHERMAN","Sherman","","A",41,"Oregon","OR","OR","9","Pacific","4","West","Region IV","County",1771,23387,"ORUCR0001","Oregon State Police Oregon Uniform Crime Reporting","N",16,"8D","Non-MSA counties under 10,000","8","Non-MSA Counties","N",3,"R","Y",6,0,6,0,1,1,0,0,01-MAR-93,01-JAN-18,01-JAN-18,01-AUG-18,01-AUG-18,01-AUG-18,"N","SHERMAN","Non-MSA","Y","Y","Y"
155712020,15571,2020,"OR028040X","OR0280400","","N","N",,"I","LIQUOR COMM: SHERMAN CTY","LIQUOR COMM: SHERMAN CTY","Liquor Commission:","Sherman County","A",41,"Oregon","OR","OR","9","Pacific","4","West","Region IV","Other State Agency",0,23387,"ORUCR0001","Oregon State Police Oregon Uniform Crime Reporting","N",16,"8D","Non-MSA counties under 10,000","8","Non-MSA Counties","N",3,"R","Y",0,0,0,0,0,0,0,0,01-MAR-93,01-JAN-14,01-JAN-14,,,,"N","SHERMAN","Non-MSA","Y","Y","Y"
155722020,15572,2020,"OR028SP00","OR028SP00","","N","N",,"I","SP: SHERMAN COUNTY","SP: SHERMAN COUNTY","State Police:","Sherman County","A",41,"Oregon","OR","OR","9","Pacific","4","West","Region IV","State Police",0,23387,"ORUCR0001","Oregon State Police Oregon Uniform Crime Reporting","N",16,"8D","Non-MSA counties under 10,000","8","Non-MSA Counties","N",3,"R","Y",0,0,0,0,0,0,0,0,01-MAR-93,01-JAN-14,01-AUG-15,01-OCT-17,01-AUG-15,01-AUG-15,"N","SHERMAN","Non-MSA","Y","Y","Y"
155732020,15573,2020,"OR0290000","OR0290000","","N","N",,"I","TILLAMOOK","TILLAMOOK","Tillamook","","A",41,"Oregon","OR","OR","9","Pacific","4","West","Region IV","County",19617,23387,"ORUCR0001","Oregon State Police Oregon Uniform Crime Reporting","N",15,"8C","Non-MSA counties from 10,000 thru 24,999","8","Non-MSA Counties","N",3,"R","Y",40,2,42,5,6,11,0,0,01-MAR-93,01-JAN-04,01-JUL-09,01-AUG-17,01-MAR-14,01-MAR-14,"N","TILLAMOOK","Non-MSA","Y","Y","Y"
155752020,15575,2020,"OR0290300","OR0290300","","N","N",,"I","ROCKAWAY BEACH","ROCKAWAY BEACH","Rockaway Beach","","A",41,"Oregon","OR","OR","9","Pacific","4","West","Region IV","City",1429,23387,"ORUCR0001","Oregon State Police Oregon Uniform Crime Reporting","N",11,"7","Cities under 2,500","7","Cities under 2,500","N",2,"R","Y",3,0,3,0,0,0,0,0,01-MAR-93,01-JAN-14,01-JAN-14,01-JAN-18,01-FEB-14,01-FEB-14,"N","TILLAMOOK","Non-MSA","Y","Y","Y"
155762020,15576,2020,"OR0290400","OR0290400","","N","N",,"I","TILLAMOOK","TILLAMOOK","Tillamook","","A",41,"Oregon","OR","OR","9","Pacific","4","West","Region IV","City",5392,23387,"ORUCR0001","Oregon State Police Oregon Uniform Crime Reporting","N",10,"6","Cities from 2,500 thru 9,999","6","Cities from 2,500 thru 9,999","N",2,"R","Y",7,0,7,1,3,4,0,0,01-MAR-93,01-MAR-03,01-JUL-09,01-AUG-17,01-MAR-14,01-MAR-14,"N","TILLAMOOK","Non-MSA","Y","Y","Y"
155772020,15577,2020,"OR0290500","OR0290500","","N","N",,"I","MANZANITA","MANZANITA","Manzanita","","A",41,"Oregon","OR","OR","9","Pacific","4","West","Region IV","City",668,23387,"ORUCR0001","Oregon State Police Oregon Uniform Crime Reporting","N",11,"7","Cities under 2,500","7","Cities under 2,500","N",2,"R","Y",4,0,4,0,0,0,0,0,01-MAR-93,01-DEC-03,01-JUL-09,01-SEP-17,01-FEB-14,01-FEB-14,"N","TILLAMOOK","Non-MSA","Y","Y","Y"
155792020,15579,2020,"OR029SP00","OR029SP00","","N","N",,"I","SP: TILLAMOOK COUNTY","SP: TILLAMOOK COUNTY","State Police:","Tillamook County","A",41,"Oregon","OR","OR","9","Pacific","4","West","Region IV","State Police",0,23387,"ORUCR0001","Oregon State Police Oregon Uniform Crime Reporting","N",16,"8D","Non-MSA counties under 10,000","8","Non-MSA Counties","N",3,"R","Y",9,0,9,0,1,1,0,0,01-MAR-93,01-JAN-14,01-AUG-15,01-OCT-17,01-AUG-15,01-AUG-15,"N","TILLAMOOK","Non-MSA","Y","Y","Y"
155802020,15580,2020,"OR0300000","OR0300000","","N","N",,"I","UMATILLA","UMATILLA","Umatilla","","A",41,"Oregon","OR","OR","9","Pacific","4","West","Region IV","County",25000,23387,"ORUCR0001","Oregon State Police Oregon Uniform Crime Reporting","N",14,"8B","Non-MSA counties from 25,000 thru 99,999","8","Non-MSA Counties","N",3,"R","Y",24,36,60,2,29,31,0,0,01-MAR-93,01-JAN-05,01-JUL-09,01-NOV-17,01-FEB-14,01-FEB-14,"N","UMATILLA","Non-MSA","Y","Y","Y"
155812020,15581,2020,"OR0300100","OR0300100","","N","N",,"I","HERMISTON","HERMISTON","Hermiston","","A",41,"Oregon","OR","OR","9","Pacific","4","West","Region IV","City",17896,23387,"ORUCR0001","Oregon State Police Oregon Uniform Crime Reporting","N",9,"5","Cities from 10,000 thru 24,999","5","Cities from 10,000 thru 24,999","N",2,"R","Y",25,1,26,3,4,7,0,0,01-MAR-93,01-APR-14,01-JAN-15,01-JAN-18,01-JAN-15,01-JAN-15,"N","UMATILLA","Non-MSA","Y","Y","Y"
155822020,15582,2020,"OR0300200","OR0300200","","N","N",,"I","MILTON-FREEWATER","MILTON-FREEWATER","Milton-Freewater","","A",41,"Oregon","OR","OR","9","Pacific","4","West","Region IV","City",7075,23387,"ORUCR0001","Oregon State Police Oregon Uniform Crime Reporting","N",10,"6","Cities from 2,500 thru 9,999","6","Cities from 2,500 thru 9,999","N",2,"R","Y",11,0,11,0,5,5,0,0,01-MAR-93,01-DEC-16,01-JAN-17,01-AUG-17,01-JAN-17,01-JAN-17,"N","UMATILLA","Non-MSA","Y","Y","Y"
155832020,15583,2020,"OR0300300","OR0300300","","N","N",,"I","PENDLETON","PENDLETON","Pendleton","","A",41,"Oregon","OR","OR","9","Pacific","4","West","Region IV","City",16804,23387,"ORUCR0001","Oregon State Police Oregon Uniform Crime Reporting","N",9,"5","Cities from 10,000 thru 24,999","5","Cities from 10,000 thru 24,999","N",2,"R","Y",21,0,21,2,4,6,0,0,01-MAR-93,01-DEC-04,01-JUL-09,01-JAN-18,01-MAR-14,01-MAR-14,"N","UMATILLA","Non-MSA","Y","Y","Y"
155842020,15584,2020,"OR0300400","OR0300400","","N","N",,"I","UMATILLA","UMATILLA","Umatilla","","A",41,"Oregon","OR","OR","9","Pacific","4","West","Region IV","City",7366,23387,"ORUCR0001","Oregon State Police Oregon Uniform Crime Reporting","N",10,"6","Cities from 2,500 thru 9,999","6","Cities from 2,500 thru 9,999","N",2,"R","Y",9,0,9,4,2,6,0,0,01-MAR-93,01-JAN-05,01-JUL-09,01-JAN-18,01-AUG-14,01-AUG-14,"N","UMATILLA","Non-MSA","Y","Y","Y"
155872020,15587,2020,"OR0300700","OR0300700","","N","N",,"I","PILOT ROCK","PILOT ROCK","Pilot Rock","","A",41,"Oregon","OR","OR","9","Pacific","4","West","Region IV","City",1510,23387,"ORUCR0001","Oregon State Police Oregon Uniform Crime Reporting","N",11,"7","Cities under 2,500","7","Cities under 2,500","N",2,"R","Y",2,0,2,0,0,0,0,0,01-MAR-93,01-JAN-09,01-JUL-09,01-FEB-18,01-MAR-14,01-MAR-14,"N","UMATILLA","Non-MSA","Y","Y","Y"
155902020,15590,2020,"OR030110X","OR0301100","","N","N",,"I","LIQUOR COMM: UMATILLA CO","LIQUOR COMM: UMATILLA CO","Liquor Commission:","Umatilla County","A",41,"Oregon","OR","OR","9","Pacific","4","West","Region IV","Other State Agency",0,23387,"ORUCR0001","Oregon State Police Oregon Uniform Crime Reporting","N",16,"8D","Non-MSA counties under 10,000","8","Non-MSA Counties","N",3,"R","Y",2,0,2,0,0,0,0,0,01-MAR-93,01-JAN-14,01-AUG-14,01-MAY-18,01-AUG-14,01-AUG-14,"N","UMATILLA","Non-MSA","Y","Y","Y"
155932020,15593,2020,"OR030SP00","OR030SP00","","N","N",,"I","SP: UMATILLA COUNTY","SP: UMATILLA COUNTY","State Police:","Umatilla County","A",41,"Oregon","OR","OR","9","Pacific","4","West","Region IV","State Police",0,23387,"ORUCR0001","Oregon State Police Oregon Uniform Crime Reporting","N",16,"8D","Non-MSA counties under 10,000","8","Non-MSA Counties","N",3,"R","Y",32,3,35,3,7,10,0,0,01-MAR-93,01-FEB-14,01-AUG-15,01-OCT-17,01-AUG-15,01-AUG-15,"N","UMATILLA","Non-MSA","Y","Y","Y"
155942020,15594,2020,"OR0310000","OR0310000","","N","N",,"I","UNION","UNION","Union","","A",41,"Oregon","OR","OR","9","Pacific","4","West","Region IV","County",13153,23387,"ORUCR0001","Oregon State Police Oregon Uniform Crime Reporting","N",15,"8C","Non-MSA counties from 10,000 thru 24,999","8","Non-MSA Counties","N",3,"R","Y",16,9,25,0,9,9,0,0,01-MAR-93,01-MAY-02,01-JUL-09,01-AUG-17,01-FEB-14,01-FEB-14,"N","UNION","Non-MSA","Y","Y","Y"
155952020,15595,2020,"OR0310100","OR0310100","","N","N",,"I","LA GRANDE","LA GRANDE","La Grande","","A",41,"Oregon","OR","OR","9","Pacific","4","West","Region IV","City",13674,23387,"ORUCR0001","Oregon State Police Oregon Uniform Crime Reporting","N",9,"5","Cities from 10,000 thru 24,999","5","Cities from 10,000 thru 24,999","N",2,"R","Y",16,0,16,2,12,14,0,0,01-MAR-93,01-JUN-97,01-JUL-09,01-AUG-17,01-FEB-14,01-FEB-14,"N","UNION","Non-MSA","Y","Y","Y"
155992020,15599,2020,"OR031SP00","OR031SP00","","N","N",,"I","SP: UNION COUNTY","SP: UNION COUNTY","State Police:","Union County","A",41,"Oregon","OR","OR","9","Pacific","4","West","Region IV","State Police",0,23387,"ORUCR0001","Oregon State Police Oregon Uniform Crime Reporting","N",16,"8D","Non-MSA counties under 10,000","8","Non-MSA Counties","N",3,"R","Y",21,0,21,0,2,2,0,0,01-MAR-93,01-JAN-14,01-AUG-15,01-OCT-17,01-AUG-15,01-AUG-15,"N","UNION","Non-MSA","Y","Y","Y"
156002020,15600,2020,"OR0320000","OR0320000","","N","N",,"I","WALLOWA","WALLOWA","Wallowa","","A",41,"Oregon","OR","OR","9","Pacific","4","West","Region IV","County",5193,23387,"ORUCR0001","Oregon State Police Oregon Uniform Crime Reporting","N",16,"8D","Non-MSA counties under 10,000","8","Non-MSA Counties","N",3,"R","Y",5,0,5,0,8,8,0,0,01-MAR-93,01-JAN-20,01-JAN-20,01-MAY-20,01-MAY-20,01-MAY-20,"N","WALLOWA","Non-MSA","Y","Y","Y"
156012020,15601,2020,"OR0320100","OR0320100","","N","N",,"I","ENTERPRISE","ENTERPRISE","Enterprise","","A",41,"Oregon","OR","OR","9","Pacific","4","West","Region IV","City",2002,23387,"ORUCR0001","Oregon State Police Oregon Uniform Crime Reporting","N",11,"7","Cities under 2,500","7","Cities under 2,500","N",2,"R","Y",4,0,4,0,0,0,0,0,01-MAR-93,01-JAN-20,01-JAN-20,01-MAY-20,01-MAY-20,01-MAY-20,"N","WALLOWA","Non-MSA","Y","Y","Y"
156052020,15605,2020,"OR032SP00","OR032SP00","","N","N",,"I","SP: WALLOWA COUNTY","SP: WALLOWA COUNTY","State Police:","Wallowa County","A",41,"Oregon","OR","OR","9","Pacific","4","West","Region IV","State Police",0,23387,"ORUCR0001","Oregon State Police Oregon Uniform Crime Reporting","N",16,"8D","Non-MSA counties under 10,000","8","Non-MSA Counties","N",3,"R","Y",6,0,6,0,0,0,0,0,01-MAR-93,01-JAN-14,01-AUG-15,01-NOV-17,01-AUG-15,01-AUG-15,"N","WALLOWA","Non-MSA","Y","Y","Y"
156062020,15606,2020,"OR0330000","OR0330000","","N","N",,"I","WASCO","WASCO","Wasco","","A",41,"Oregon","OR","OR","9","Pacific","4","West","Region IV","County",10860,23387,"ORUCR0001","Oregon State Police Oregon Uniform Crime Reporting","N",15,"8C","Non-MSA counties from 10,000 thru 24,999","8","Non-MSA Counties","N",3,"R","Y",12,2,14,2,12,14,0,0,01-MAR-93,01-APR-14,01-JUN-14,01-AUG-17,01-JUN-14,01-JUN-14,"N","WASCO","Non-MSA","Y","Y","Y"
156072020,15607,2020,"OR0330100","OR0330100","","N","N",,"I","THE DALLES","THE DALLES","The Dalles","","A",41,"Oregon","OR","OR","9","Pacific","4","West","Region IV","City",15849,23387,"ORUCR0001","Oregon State Police Oregon Uniform Crime Reporting","N",9,"5","Cities from 10,000 thru 24,999","5","Cities from 10,000 thru 24,999","N",2,"R","Y",24,0,24,1,3,4,0,0,01-MAR-93,01-AUG-17,01-AUG-17,01-AUG-17,01-AUG-17,01-AUG-17,"N","WASCO","Non-MSA","Y","Y","Y"
156112020,15611,2020,"OR033SP00","OR033SP00","","N","N",,"I","SP: WASCO COUNTY","SP: WASCO COUNTY","State Police:","Wasco County","A",41,"Oregon","OR","OR","9","Pacific","4","West","Region IV","State Police",0,23387,"ORUCR0001","Oregon State Police Oregon Uniform Crime Reporting","N",16,"8D","Non-MSA counties under 10,000","8","Non-MSA Counties","N",3,"R","Y",23,0,23,1,2,3,0,0,01-MAR-93,01-JAN-14,01-AUG-15,01-OCT-17,01-AUG-15,01-AUG-15,"N","WASCO","Non-MSA","Y","Y","Y"
156122020,15612,2020,"OR0340000","OR0340000","","N","N",,"I","WASHINGTON","WASHINGTON","Washington","","A",41,"Oregon","OR","OR","9","Pacific","4","West","Region IV","County",243892,23387,"ORUCR0001","Oregon State Police Oregon Uniform Crime Reporting","Y",19,"9A","MSA counties 100,000 or over","9","MSA Counties","Y",3,"R","Y",255,174,429,21,162,183,0,0,01-MAR-93,01-MAR-15,01-JAN-17,01-JAN-17,01-JAN-17,01-JAN-17,"N","WASHINGTON","Portland-Vancouver-Hillsboro, OR-WA","Y","Y","Y"
156132020,15613,2020,"OR0340100","OR0340100","","N","N",,"I","BEAVERTON","BEAVERTON","Beaverton","","A",41,"Oregon","OR","OR","9","Pacific","4","West","Region IV","City",100085,23387,"ORUCR0001","Oregon State Police Oregon Uniform Crime Reporting","N",6,"2","Cities from 100,000 thru 249,999","2","Cities from 100,000 thru 249,999","Y",1,"R","Y",118,9,127,13,36,49,0,0,01-MAR-93,01-JAN-15,01-JAN-17,01-JAN-17,01-JAN-17,01-JAN-17,"N","WASHINGTON","Portland-Vancouver-Hillsboro, OR-WA","Y","Y","Y"
156142020,15614,2020,"OR0340200","OR0340200","","N","N",,"I","FOREST GROVE","FOREST GROVE","Forest Grove","","A",41,"Oregon","OR","OR","9","Pacific","4","West","Region IV","City",26065,23387,"ORUCR0001","Oregon State Police Oregon Uniform Crime Reporting","Y",8,"4","Cities from 25,000 thru 49,999","4","Cities from 25,000 thru 49,999","N",2,"R","Y",26,0,26,4,5,9,0,0,01-MAR-93,01-APR-15,01-JAN-17,01-JAN-17,01-JAN-17,01-JAN-17,"N","WASHINGTON","Portland-Vancouver-Hillsboro, OR-WA","Y","Y","Y"
156152020,15615,2020,"OR0340300","OR0340300","","N","N",,"I","HILLSBORO","HILLSBORO","Hillsboro","","A",41,"Oregon","OR","OR","9","Pacific","4","West","Region IV","City",111146,23387,"ORUCR0001","Oregon State Police Oregon Uniform Crime Reporting","N",6,"2","Cities from 100,000 thru 249,999","2","Cities from 100,000 thru 249,999","Y",1,"R","Y",102,13,115,33,37,70,0,0,01-MAR-93,01-APR-15,01-JAN-17,01-JAN-17,01-JAN-17,01-JAN-17,"N","WASHINGTON","Portland-Vancouver-Hillsboro, OR-WA","Y","Y","Y"
156162020,15616,2020,"OR0340400","OR0340400","","N","N",,"I","TIGARD","TIGARD","Tigard","","A",41,"Oregon","OR","OR","9","Pacific","4","West","Region IV","City",56377,23387,"ORUCR0001","Oregon State Police Oregon Uniform Crime Reporting","N",7,"3","Cities from 50,000 thru 99,999","3","Cities from 50,000 thru 99,999","N",2,"R","Y",53,1,54,14,15,29,0,0,01-MAR-93,01-APR-15,01-JAN-17,01-JAN-17,01-JAN-17,01-JAN-17,"N","WASHINGTON","Portland-Vancouver-Hillsboro, OR-WA","Y","Y","Y"
156172020,15617,2020,"OR0340500","OR0340500","","N","N",,"I","GASTON","GASTON","Gaston","","A",41,"Oregon","OR","OR","9","Pacific","4","West","Region IV","City",732,23387,"ORUCR0001","Oregon State Police Oregon Uniform Crime Reporting","Y",11,"7","Cities under 2,500","7","Cities under 2,500","N",2,"R","N",,,,,,,0,0,01-MAR-93,01-APR-15,01-FEB-17,01-FEB-17,01-FEB-17,01-FEB-17,"N","YAMHILL; WASHINGTON","Portland-Vancouver-Hillsboro, OR-WA","Y","Y","Y"
156182020,15618,2020,"OR0340600","OR0340600","","N","N",,"I","SHERWOOD","SHERWOOD","Sherwood","","A",41,"Oregon","OR","OR","9","Pacific","4","West","Region IV","City",20052,23387,"ORUCR0001","Oregon State Police Oregon Uniform Crime Reporting","Y",9,"5","Cities from 10,000 thru 24,999","5","Cities from 10,000 thru 24,999","N",2,"R","Y",22,1,23,2,3,5,0,0,01-MAR-93,01-APR-15,01-JAN-17,01-JAN-17,01-JAN-17,01-JAN-17,"N","WASHINGTON","Portland-Vancouver-Hillsboro, OR-WA","Y","Y","Y"
156192020,15619,2020,"OR0340700","OR0340700","","N","N",,"I","CORNELIUS","CORNELIUS","Cornelius","","A",41,"Oregon","OR","OR","9","Pacific","4","West","Region IV","City",12925,23387,"ORUCR0001","Oregon State Police Oregon Uniform Crime Reporting","Y",9,"5","Cities from 10,000 thru 24,999","5","Cities from 10,000 thru 24,999","N",2,"R","N",,,,,,,0,0,01-MAR-93,01-APR-15,01-FEB-17,01-FEB-17,01-FEB-17,01-FEB-17,"N","WASHINGTON","Portland-Vancouver-Hillsboro, OR-WA","Y","Y","Y"
156202020,15620,2020,"OR0340800","OR0340800","","N","N",,"I","NORTH PLAINS","NORTH PLAINS","North Plains","","A",41,"Oregon","OR","OR","9","Pacific","4","West","Region IV","City",2231,23387,"ORUCR0001","Oregon State Police Oregon Uniform Crime Reporting","Y",11,"7","Cities under 2,500","7","Cities under 2,500","N",2,"R","N",,,,,,,0,0,01-MAR-93,01-APR-15,01-FEB-17,01-FEB-17,01-FEB-17,01-FEB-17,"N","WASHINGTON","Portland-Vancouver-Hillsboro, OR-WA","Y","Y","Y"
156212020,15621,2020,"OR0340900","OR0340900","","N","N",,"I","BANKS","BANKS","Banks","","A",41,"Oregon","OR","OR","9","Pacific","4","West","Region IV","City",2063,23387,"ORUCR0001","Oregon State Police Oregon Uniform Crime Reporting","Y",11,"7","Cities under 2,500","7","Cities under 2,500","N",2,"R","N",,,,,,,0,0,01-MAR-93,01-APR-15,01-FEB-17,01-FEB-17,01-FEB-17,01-FEB-17,"N","WASHINGTON","Portland-Vancouver-Hillsboro, OR-WA","Y","Y","Y"
156222020,15622,2020,"OR0341100","OR0341100","","N","N",,"I","KING CITY","KING CITY","King City","","A",41,"Oregon","OR","OR","9","Pacific","4","West","Region IV","City",4512,23387,"ORUCR0001","Oregon State Police Oregon Uniform Crime Reporting","Y",10,"6","Cities from 2,500 thru 9,999","6","Cities from 2,500 thru 9,999","N",2,"R","Y",5,0,5,1,1,2,0,0,01-MAR-93,01-APR-15,01-FEB-17,01-FEB-17,01-FEB-17,01-FEB-17,"N","WASHINGTON","Portland-Vancouver-Hillsboro, OR-WA","Y","Y","Y"
156232020,15623,2020,"OR0341200","OR0341200","","N","N",,"I","TUALATIN","TUALATIN","Tualatin","","A",41,"Oregon","OR","OR","9","Pacific","4","West","Region IV","City",28030,23387,"ORUCR0001","Oregon State Police Oregon Uniform Crime Reporting","Y",8,"4","Cities from 25,000 thru 49,999","4","Cities from 25,000 thru 49,999","N",2,"R","Y",37,1,38,3,6,9,0,0,01-MAR-93,01-APR-15,01-JAN-17,01-JAN-17,01-JAN-17,01-JAN-17,"N","CLACKAMAS; WASHINGTON","Portland-Vancouver-Hillsboro, OR-WA","Y","Y","Y"
156242020,15624,2020,"OR034130X","OR0341300","","N","N",,"I","LIQUOR COMM: WASHINGTN C","LIQUOR COMM: WASHINGTN C","Liquor Commission:","Washington County","A",41,"Oregon","OR","OR","9","Pacific","4","West","Region IV","Other State Agency",0,23387,"ORUCR0001","Oregon State Police Oregon Uniform Crime Reporting","Y",22,"9D","MSA counties under 10,000","9","MSA Counties","N",3,"R","Y",0,0,0,0,0,0,0,0,01-MAR-93,01-JAN-14,01-JAN-14,,01-JAN-15,01-JAN-15,"N","WASHINGTON","Portland-Vancouver-Hillsboro, OR-WA","Y","Y","Y"
156252020,15625,2020,"OR034SP00","OR034SP00","","N","N",,"I","SP: WASHINGTON COUNTY","SP: WASHINGTON COUNTY","State Police:","Washington County","A",41,"Oregon","OR","OR","9","Pacific","4","West","Region IV","State Police",0,23387,"ORUCR0001","Oregon State Police Oregon Uniform Crime Reporting","Y",22,"9D","MSA counties under 10,000","9","MSA Counties","N",3,"R","Y",7,0,7,0,0,0,0,0,01-MAR-93,01-JAN-14,01-AUG-15,01-OCT-17,01-AUG-15,01-AUG-15,"N","WASHINGTON","Portland-Vancouver-Hillsboro, OR-WA","Y","Y","Y"
156272020,15627,2020,"OR035030X","OR0350300","","N","N",,"I","LIQUOR COMM: WHEELER CTY","LIQUOR COMM: WHEELER CTY","Liquor Commission:","Wheeler County","A",41,"Oregon","OR","OR","9","Pacific","4","West","Region IV","Other State Agency",0,23387,"ORUCR0001","Oregon State Police Oregon Uniform Crime Reporting","N",16,"8D","Non-MSA counties under 10,000","8","Non-MSA Counties","N",3,"R","Y",0,0,0,0,0,0,0,0,01-MAR-93,01-JAN-15,01-JAN-15,,,,"N","WHEELER","Non-MSA","Y","Y","Y"
156282020,15628,2020,"OR035SP00","OR035SP00","","N","N",,"I","SP: WHEELER COUNTY","SP: WHEELER COUNTY","State Police:","Wheeler County","A",41,"Oregon","OR","OR","9","Pacific","4","West","Region IV","State Police",0,23387,"ORUCR0001","Oregon State Police Oregon Uniform Crime Reporting","N",16,"8D","Non-MSA counties under 10,000","8","Non-MSA Counties","N",3,"R","Y",2,0,2,0,0,0,0,0,01-MAR-93,01-FEB-14,01-SEP-15,01-NOV-17,01-SEP-15,01-SEP-15,"N","WHEELER","Non-MSA","Y","Y","Y"
156292020,15629,2020,"OR0360000","OR0360000","","N","N",,"I","YAMHILL","YAMHILL","Yamhill","","A",41,"Oregon","OR","OR","9","Pacific","4","West","Region IV","County",44949,23387,"ORUCR0001","Oregon State Police Oregon Uniform Crime Reporting","Y",20,"9B","MSA counties from 25,000 thru 99,999","9","MSA Counties","N",3,"R","Y",41,23,64,4,21,25,0,0,01-MAR-93,01-JAN-98,01-JUL-09,01-AUG-17,01-FEB-14,01-FEB-14,"N","YAMHILL","Portland-Vancouver-Hillsboro, OR-WA","Y","Y","Y"
156302020,15630,2020,"OR0360100","OR0360100","","N","N",,"I","MCMINNVILLE","MCMINNVILLE","McMinnville","","A",41,"Oregon","OR","OR","9","Pacific","4","West","Region IV","City",35040,23387,"ORUCR0001","Oregon State Police Oregon Uniform Crime Reporting","Y",8,"4","Cities from 25,000 thru 49,999","4","Cities from 25,000 thru 49,999","N",2,"R","Y",38,0,38,4,6,10,0,0,01-MAR-93,01-DEC-97,01-JUL-09,01-AUG-17,01-APR-14,01-APR-14,"N","YAMHILL","Portland-Vancouver-Hillsboro, OR-WA","Y","Y","Y"
156312020,15631,2020,"OR0360200","OR0360200","","N","N",,"I","NEWBERG-DUNDEE","NEWBERG-DUNDEE","Newberg-Dundee","","A",41,"Oregon","OR","OR","9","Pacific","4","West","Region IV","City",24081,23387,"ORUCR0001","Oregon State Police Oregon Uniform Crime Reporting","Y",9,"5","Cities from 10,000 thru 24,999","5","Cities from 10,000 thru 24,999","N",2,"R","Y",32,4,36,1,10,11,0,0,01-MAR-93,01-NOV-02,01-JUL-09,01-AUG-17,01-APR-14,01-APR-14,"N","YAMHILL","Portland-Vancouver-Hillsboro, OR-WA","Y","Y","Y"
156342020,15634,2020,"OR0360500","OR0360500","","N","N",,"I","CARLTON","CARLTON","Carlton","","A",41,"Oregon","OR","OR","9","Pacific","4","West","Region IV","City",2202,23387,"ORUCR0001","Oregon State Police Oregon Uniform Crime Reporting","Y",11,"7","Cities under 2,500","7","Cities under 2,500","N",2,"R","Y",4,0,4,0,0,0,0,0,01-MAR-93,01-JAN-09,01-JUL-09,01-JAN-18,01-FEB-14,01-FEB-14,"N","YAMHILL","Portland-Vancouver-Hillsboro, OR-WA","Y","Y","Y"
156372020,15637,2020,"OR0360800","OR0360800","","N","N",,"I","YAMHILL","YAMHILL","Yamhill","","A",41,"Oregon","OR","OR","9","Pacific","4","West","Region IV","City",1187,23387,"ORUCR0001","Oregon State Police Oregon Uniform Crime Reporting","Y",11,"7","Cities under 2,500","7","Cities under 2,500","N",2,"R","Y",3,2,5,0,1,1,0,0,01-MAR-93,01-DEC-08,01-JUL-09,01-AUG-17,01-FEB-14,01-FEB-14,"N","YAMHILL","Portland-Vancouver-Hillsboro, OR-WA","Y","Y","Y"
156402020,15640,2020,"OR036110X","OR0361100","","N","N",,"I","LIQUOR COMM: YAMHILL CTY","LIQUOR COMM: YAMHILL CTY","Liquor Commission:","Yamhill County","A",41,"Oregon","OR","OR","9","Pacific","4","West","Region IV","Other State Agency",0,23387,"ORUCR0001","Oregon State Police Oregon Uniform Crime Reporting","Y",22,"9D","MSA counties under 10,000","9","MSA Counties","N",3,"R","Y",0,0,0,0,0,0,0,0,01-MAR-93,01-JAN-14,01-JAN-14,,,,"N","YAMHILL","Portland-Vancouver-Hillsboro, OR-WA","Y","Y","Y"
156412020,15641,2020,"OR036SP00","OR036SP00","","N","N",,"I","SP: YAMHILL COUNTY","SP: YAMHILL COUNTY","State Police:","Yamhill County","A",41,"Oregon","OR","OR","9","Pacific","4","West","Region IV","State Police",0,23387,"ORUCR0001","Oregon State Police Oregon Uniform Crime Reporting","Y",22,"9D","MSA counties under 10,000","9","MSA Counties","N",3,"R","Y",9,1,10,1,1,2,0,0,01-MAR-93,01-JAN-14,01-AUG-15,01-OCT-17,01-AUG-15,01-AUG-15,"N","YAMHILL","Portland-Vancouver-Hillsboro, OR-WA","Y","Y","Y"
156422020,15642,2020,"ORDI00400","ORDI00400","","N","N",,"I","SILETZ TRIBAL","SILETZ TRIBAL","Siletz Tribal","","A",41,"Oregon","OR","OR","9","Pacific","4","West","Region IV","Tribal",0,23387,"ORUCR0001","Oregon State Police Oregon Uniform Crime Reporting","N",11,"7","Cities under 2,500","7","Cities under 2,500","N",2,"R","N",,,,,,,0,0,01-MAR-93,01-JAN-17,01-JAN-17,01-OCT-17,01-AUG-17,01-AUG-17,"N","","Non-MSA","Y","Y","Y"
252822020,25282,2020,"OR0090600","OR0090600","","N","N",,"I","LIQUOR COMM: DESCHUTES C","LIQUOR COMM: DESCHUTES C","Liquor Commission:","Deschutes County","A",41,"Oregon","OR","OR","9","Pacific","4","West","Region IV","Other State Agency",0,23387,"ORUCR0001","Oregon State Police Oregon Uniform Crime Reporting","Y",22,"9D","MSA counties under 10,000","9","MSA Counties","N",3,"R","Y",6,0,6,1,1,2,0,0,01-MAR-93,01-JAN-14,01-MAR-14,01-AUG-17,01-MAR-14,01-MAR-14,"N","DESCHUTES","Bend, OR","Y","Y","Y"
252832020,25283,2020,"OR0031300","OR0031300","","N","N",,"I","LIQUOR COMM: CLACKAMAS C","LIQUOR COMM: CLACKAMAS C","Liquor Commission:","Clackamas County","A",41,"Oregon","OR","OR","9","Pacific","4","West","Region IV","Other State Agency",0,23387,"ORUCR0001","Oregon State Police Oregon Uniform Crime Reporting","Y",22,"9D","MSA counties under 10,000","9","MSA Counties","N",3,"R","Y",0,0,0,0,0,0,0,0,01-MAR-93,01-JAN-14,01-JAN-14,,01-SEP-14,01-SEP-14,"N","CLACKAMAS","Portland-Vancouver-Hillsboro, OR-WA","Y","Y","Y"
252842020,25284,2020,"ORDI01400","ORDI01400","","Y","N",,"I","GRAND RONDE TRIBAL","GRAND RONDE TRIBAL","Grand Ronde Tribal","","A",41,"Oregon","OR","OR","9","Pacific","4","West","Region IV","Tribal",0,32934,"ORDI01400","Grand Ronde Tribal","N",11,"7","Cities under 2,500","7","Cities under 2,500","N",2,"R","Y",8,0,8,0,1,1,0,0,01-JUL-12,01-JUL-12,01-JUL-12,01-FEB-20,01-FEB-14,01-FEB-14,"N","","Non-MSA","Y","Y","Y"
280352020,28035,2020,"OR0341600","OR0341600","","N","N",,"I","HILLSBORO SCHOOL DISTRICT","","Hillsboro School District","","A",41,"Oregon","OR","OR","9","Pacific","4","West","Region IV","Other",0,23387,"ORUCR0001","Oregon State Police Oregon Uniform Crime Reporting","Y",11,"7","Cities under 2,500","7","Cities under 2,500","N",2,"R","Y",1,0,1,0,0,0,0,0,01-MAR-93,01-NOV-18,01-NOV-18,,,,"N","WASHINGTON","Portland-Vancouver-Hillsboro, OR-WA","Y","Y","Y"
